/* Para ejecutar DB en la nube */

/* -- Nube */
--Server name: sql5080.site4now.net
--Login: db_a7d2c3_appgestion_admin
--Password: AppGestion1

--use db_a7d2c3_appgestion
--go

/* Para ejecutar BD de forma local */
use AppGestion
go

/*ELIMINAR ELEMENTOS DE TODAS LAS TABLAS*/
--Desactivar limitaciones de todas las tablas
EXEC sys.sp_msforeachtable 'ALTER TABLE ? NOCHECK CONSTRAINT ALL' 

--Eliminar elementos de todas las tablas
EXEC sys.sp_msforeachtable 'DELETE FROM ?'

--Activar limitaciones de todas las tablas
EXEC sys.sp_MSForEachTable 'ALTER TABLE ? CHECK CONSTRAINT ALL'
go

/********************************************************************************************************************
						INSERTAR DATOS
*********************************************************************************************************************/
INSERT INTO TPlanDeEstudios VALUES 
('P001','IN'),
('P002','IN')
GO

INSERT INTO TAsignatura (CodAsignatura, IDPlan, Nombre, Creditos,HorasPracticas,HorasTeoricas,Categoria,Prerrequisitos,NroSemestre) VALUES 
('IF662','P001','DEEP LEARNING','04','02','03','EEEP','IF652','10'),
('IF484','P001','EMPRENDIMIENTO E INNOVACION','03','02','02','EEEP','IF482','10'),
('IF653','P001','MINERIA DE DATOS','04','02','03','EEEP','IF652','10'),
('IF554','P001','REDES DE COMPUTADORAS II','04','02','03','EEEP','IF552','10'),
('IF658','P001','REDES NEURONALES ARTIFICIALES','04','02','03','EEEP','IF652','10'),	
('IF214','P001','TEORIA GENERAL DE SISTEMAS	','04','02','03','EE','70 Creds.','10'),
('IF468','P001','FUNDAMENTOS DE PROGRAMACION','04','02','03','OEES','','2'),	
('IF902','P001','TECNOLOGIAS DE LA INFORMACION Y LA COMUNICACION','03','02','02','EG','15 Creds.','2'),
('IF450','P001','ABSTRACCION DE DATOS Y OBJETOS','04','02','03','OEES','IF468','3'),	
('IF451','P001','PROGRAMACION I','02','04','00','OEES','IF468','3'),
('IF480','P001','ADMINISTRACION DE TECNOLOGIAS DE INFORMACION','03','02','02','OEES','ME352','4'),	
('IF452','P001','ALGORITMOS Y ESTRUCTURAS DE DATOS','04','02','03','OEES','IF450','4'),	
('IF453','P001','PROGRAMACION II','02','04','00','OEES','IF451','4'),
('IF610','P001','ANALISIS Y DISEÑO DE SISTEMAS DE INFORMACION','04','02','03','OEES','IF450 y IF480','5'),
('IF611','P001','METODOLOGIA DE DESARROLLO DE SOFTWARE','03','02','02','OEES','IF610','6'),
('IF650','P001','MODELOS PROBABILISTICOS','04','02','03','OEES','ME352','5'),
('IF550','P001','ORGANIZACION Y ARQUITECTURA DEL COMPUTADOR','04','02','03','OEES','EL371','5'),
('IF454','P001','TEORIA DE LA COMPUTACION','03','02','02','OEES','IF452 y ME355','5'),
('IF455','P001','ALGORITMOS PARALELOS Y DISTRIBUIDOS','04','02','03','OEES','IF452','6'),
('IF458','P001','COMPUTACION GRAFICA I','04','02','03','EEEP','IF452 y ME351','6'),
('IF612','P001','FUNDAMENTOS Y DISEÑO DE BASES DE DATOS','04','02','03','OEES','IF610','6'),	
('IF457','P001','METODOS NUMERICOS','03','02','02','OEES','ME356','6'),	
('IF551','P001','SISTEMAS OPERATIVOS','04','02','03','OEES','IF550','6'),
('IF456','P001','ALGORITMOS AVANZADOS','04','02','03','OEES','IF454','7'),
('IF467','P001','ANALISIS Y DISEÑO DE ALGORITMOS','03','02','02','EEEP','IF452 y IF453','7'),
('IF466','P001','COMPILADORES','03','02','02','EEEP','IF454','7'),	
('IF613','P001','DESARROLLO DE SOFTWARE I','02','04','00','OEES','IF612','7'),	
('IF651','P001','INTELIGENCIA ARTIFICIAL','04','02','03','OEES','IF650 y IF612','7'),
('IF063','P001','QUECHUA','02','04','00','AEX','100 Creds.','7'),
('IF552','P001','REDES DE COMPUTADORAS I','04','02','03','OEES','IF551','7'),
('IF652','P001','APRENDIZAJE AUTOMATICO','04','02','03','OEES','IF651','8'),
('IF664','P001','BIOINFORMATICA','04','02','03','EEEP','IF650','8'),
('IF614','P001','INGENIERIA DE SOFTWARE I','04','02','03','OEES','IF611 y IF613','8'),
('IF669','P001','MODELADO Y SIMULACION','04','02','03','EEEP','IF650','8'),
('IF482','P001','PLANEAMIENTO Y DIRECCION ESTRATEGICA DE TECNOLOGIA DE INFORMACION','03','02','02','OEES','140 Creds.','8'),
('IF710','P001','SEMINARIO DE INVESTIGACION I','03','02','02','OEES','150 Creds.','8'),
('IF459','P001','COMPUTACION GRAFICA II','04','02','03','EEEP','IF458','9'),
('IF483','P001','FORMULACION DE PROYECTOS DE TECNOLOGIA DE INFORMACION','03','02','02', 'OEES','IF482','9'),
('IF617','P001','INGENIERIA DE SOFTWARE II','04','02','03','EEEP','IF614','9'),
('IF656','P001','PROCESAMIENTO DEL LENGUAJE NATURAL','04','02','03','EEEP','IF651','9'),	
('IF654','P001','ROBOTICA','04','02','03','EEEP','IF651','9'),
('IF657','P001','VISION COMPUTACIONAL','04','02','03','EEEP','IF651','9'),
('IF210','P001','PLANEAMIENTO ESTRATEGICO' ,'04','02','03','OE','IF209','10'),
('IF603','P001','ROBOTICA Y PROCESAMIENTO DE SEÃ‘AL','04','02','03','OE','IF601','10'),
('IF711','P001','SEMINARIO DE INVESTIGACION II','03','02','02','OEES','IF710','10');
go

INSERT INTO TDocente VALUES 
('D000','NO DEFINIDO' ,'','',''),
('D0001','ABDON','RIBAS PUGA','LICENCIADO EN FISICO MATEMATICAS','ACTIVO'),
('D0002','ANA ROCIO','CARDENAS MAITA','MAGISTER EN CIENCIAS EN SISTEMAS DE INFORMACION','ACTIVO'),
('D0003','DENNIS IVAN','CANDIA OVIEDO','INGENIERO INFORMATICO Y DE SISTEMAS','ACTIVO'),
('D0004','DORIS SABINA','AGUIRRE CARBAJAL','MAESTRO EN CIENCIAS: ING DE SISTEMAS CON MENCION EN ING DE SOFTWARE','ACTIVO'),
('D0005','EDWIN','CARRASCO POBLETE','MAGISTER CON MENCION EN INGENIERIA','ACTIVO'),
('D0006','EFRAINA GLADYS','CUTIPA ARAPA','INGENIERO INFORMATICO Y DE SISTEMAS','ACTIVO'),
('D0007','EMILIO','PALOMINO OLIVERA','MAGISTER CON MENCION EN INGENIERIA','ACTIVO'),
('D0008','ENRIQUE','GAMARRA SALDIVAR','MAGISTER EN CIENCIAS CON MENCION EN INFORMATICA','ACTIVO'),
('D0009','ESTHER CRISTINA','PACHECO VASQUEZ','LICENCIADA EN FISICO MATEMATICAS','ACTIVO'),
('D0010','GUZMAN','TICONA PARI','INGENIERO QUIMICO','ACTIVO'),
('D0011','HARLEY','VERA OLIVERA','MAGISTER EN INFORMATICA','ACTIVO'),
('D0012','HENRY SAMUEL','DUEÑAS DE LA CRUZ','INGENIERO INFORMATICO Y DE SISTEMAS','ACTIVO'),
('D0013','HERNAN','CASTAÑEDA CHIRINOS','INGENIERO INFORMATICO Y DE SISTEMAS','ACTIVO'),
('D0014','HERNAN','NINA HANCO','MAESTRO EN ADMINISTRACION','ACTIVO'),
('D0015','IVAN CESAR','MEDRANO VALENCIA','INGENIERO QUIMICO','ACTIVO'),
('D0016','JAVIER ARTURO','ROZAS HUACHO','MAGISTER EN CIENCIAS CON MENCION EN INFORMATICA','ACTIVO'),
('D0017','JAVIER DAVID','CHAVEZ CENTENO','MAGISTER SCIENTIAE EN INFORMATICA','ACTIVO'),
('D0018','JOSE MAURO','PILLCO QUISPE','LICENCIADO EN FISICO MATEMATICAS','ACTIVO'),
('D0019','JULIO CESAR','CARBAJAL LUNA','MAGISTER EN CIENCIAS CON MENCION EN INFORMATICA','ACTIVO'),
('D0020','KARELIA','MEDINA MIRANDA','INGENIERO INFORMATICO Y DE SISTEMAS','ACTIVO'),
('D0021','LAURO','ENCISO RODAS','DOCTOR EN INGENIERIA DE SISTEMAS','ACTIVO'),
('D0022','LINO AQUILES','BACA CARDENAS','INGENIERO DE MINAS','ACTIVO'),
('D0023','LINO PRISCILIANO','FLORES PACHECO','MAGISTER EN INFORMATICA','ACTIVO'),
('D0024','LUIS ALVARO','MONZON CONDORI','INGENIERO INFORMATICO Y DE SISTEMAS','ACTIVO'),
('D0025','LUIS BELTRAN','PALMA TTITO','INGENIERO INFORMATICO Y DE SISTEMAS','ACTIVO'),
('D0026','MANUEL AURELIO','PEÑALOZA FIGUEROA','INGENIERO DE TELECOMUNICACIONES','ACTIVO'),
('D0027','MARITZA KATHERINE','IRPANOCCA CUSIMAYTA','INGENIERO INFORMATICO Y DE SISTEMAS','ACTIVO'),
('D0028','NILA ZONIA','ACURIO USCA','MAGISTER EN CIENCIAS CON MENCION EN INFORMATICA','ACTIVO'),
('D0029','ROBERT WILBERT','ALZAMORA PAREDES','MASTER EN INGENIERIA COMPUTACIONAL Y SISTEMAS INTELIGENTES','ACTIVO'),
('D0030','RONY','VILLAFUERTE SERNA','MAESTRO EN INGENIERIA COMPUTACIONAL Y SISTEMAS INTELIGENTES','ACTIVO'),
('D0031','VANESA MARIBEL','CHOQUE SOTO','INGENIERO INFORMATICO Y DE SISTEMAS','ACTIVO'),
('D0032','WALDO ELIO','IBARRA ZAMBRANO','MAESTRO EN CIENCIAS CON MENCION EN INFORMATICA','ACTIVO'),
('D0033','WALDO','VILLA RODRIGUEZ','INGENIERO INFORMATICO Y DE SISTEMAS','ACTIVO'),
('D0034','WILLIAN','ZAMALLOA PARO','INGENIERO INFORMATICO Y DE SISTEMAS','ACTIVO'),
('D0035','BORIS','CHULLO LLAVE','INGENIERO INFORMATICO Y DE SISTEMAS','ACTIVO'),
('D0036','JISBAJ','GAMARRA SALAS','INGENIERO INFORMATICO Y DE SISTEMAS','ACTIVO'),
('D0037','LISETH URPY','SEGUNDO CARPIO','MAGISTER EN INFORMATICA','ACTIVO'),
('D0038','CARLOS FERNANDO','MONTOYA CUBAS','INGENIERO INFORMATICO Y DE SISTEMAS','ACTIVO');
GO
--*************************************************************************************************************************

INSERT INTO TCatalogo (IDCatalogo, SemestreLectivo, NroSemestre, CodAsignatura, Grupo, Aula, CodDocentePractico, CodDocenteTeorico) VALUES 
-- 2DO SEMESTRE
-- Fundamentos de programacion
('C001','2021-2','02','IF468','A','IN202','D0028','D0028'),
('C002','2021-2','02','IF468','B','IN202','D0028','D0028'),
-- 5TO SEMESTRE
-- Modelos Probabilisticos
('C003','2021-2','05','IF650','A','IN205','D0021','D0021'),
('C004','2021-2','05','IF650','B','IN205','D0021','D0021'),
-- 6TO SEMESTRE
-- Metodologia de desarrollo de software
('C005','2021-2','06','IF611','A','IN206','D0032','D0032'),
('C006','2021-2','06','IF611','B','IN206','D0032','D0032'),
-- Fundamentos y disenio de bases de datos
('C007','2021-2','06','IF612','A','IN206','D0029','D0029'),
-- 7MO SEMESTRE
-- Compiladores 
('C008','2021-2','07','IF466','A','IN207','D0023','D0023'),
('C009','2021-2','07','IF466','B','IN207','D0023','D0023'),
-- 8VO SEMESTRE
-- Ingenieria del software I
('C010','2021-2','08','IF614','A','IN208','D0029','D0029'),
-- Aprendizaje Automatico
('C011','2021-2','08','IF652','A','IN208','D0025','D0025'),
('C012','2021-2','08','IF652','B','IN208','D0025','D0025'),
-- Planeamiento y Direccion Estrategica de TI
('C013','2021-2','08','IF482','A','IN208','D0026','D0007'),
('C014','2021-2','08','IF482','B','IN208','D0026','D0026'),
-- 9NO SEMESTRE
-- Procesamiento del lenguaje
('C015','2021-2','08','IF656','A','IN209','D0038','D0037');
GO

INSERT INTO TLogin VALUES 
('abdon','abdon','Docente','D0001'),
('ana','ana','Docente','D0002'),
('dennis','dennis','Docente','D0003'),
('doris','doris','Docente','D0004'),
('edwin','edwin','Docente','D0005'),
('efraina','efraina','Docente','D0006'),
('emilio','emilio','Docente','D0007'),
('enrique','enrique','Docente','D0008'),
('esther','esther','Docente','D0009'),
('guzman','guzman','Docente','D0010'),
('harley','harley','Docente','D0011'),
('henry','henry','Docente','D0012'),
('hernan_c','hernan_c','Docente','D0013'),
('hernan_n','hernan_n','Docente','D0014'),
('ivan','ivan','Docente','D0015'),
('javier_a','javier_a','Docente','D0016'),
('javier_d','javier_d','Docente','D0017'),
('jose','jose','Docente','D0018'),
('julio','julio','Docente','D0019'),
('karelia','karelia','Docente','D0020'),
('lauro','lauro','Docente','D0021'),
('lino_a','lino_a','Docente','D0022'),
('lino_p','lino_p','Docente','D0023'),
('luis_a','luis_a','Docente','D0024'),
('luis_b','luis_b','Docente','D0025'),
('manuel','manuel','Docente','D0026'),
('maritza','maritza','Docente','D0027'),
('zonia','zonia','Docente','D0028'),
('robert','robert','Docente','D0029'),
('rony','rony','Docente','D0030'),
('vanesa','vanesa','Docente','D0031'),
('waldo_e','waldo_e','Docente','D0032'),
('waldo_v','waldo_v','Docente','D0033'),
('willian','willian','Docente','D0034'),
('boris','boris','Docente','D0035'),
('jisbaj','jisbaj','Docente','D0036'),
('urpy','urpy','Docente','D0037'),
('fernando_m','fernando_m','Docente','D0038'),
('zonia','zonia','DirectorEscuela','D0028'),
('lauro','lauro','DirectorAcademico','D0021');

go

--Primary key = int entity
INSERT INTO THorario VALUES
-- Fundamentos de programacion
-- A
('LUNES'    ,'9','11','C001','T'),
('MIERCOLES','9','11','C001','P'),
('VIERNES'  ,'9','10','C001','T'),
-- B
('LUNES'    ,'18','20','C002','T'),
('MIERCOLES','18','20','C002','P'),
('VIERNES'  ,'18','19','C002','T'),

-- Modelos probabilisticos
-- A
('MARTES','7','9','C003','T'),
('JUEVES','7','9','C003','P'),
('VIERNES','8','9','C003','T'),
-- B
('MARTES','15','17','C004','T'),
('JUEVES','15','17','C004','P'),
('VIERNES','16','17','C004','T'),

-- Metodologia de desarrollo de software
-- A
('MARTES' ,'7','9','C005','T'),
('JUEVES' ,'7','9','C005','P'),
-- B
('MARTES' ,'15','17','C006','T'),
('JUEVES' ,'15','17','C006','P'),

-- Fundamento y disenio de bases de datos
-- A
('MARTES' ,'9','11','C007','T'),
('JUEVES' ,'9','11','C007','P'),
('VIERNES','9','11','C007','T'),

-- Compiladores
-- A
('LUNES' ,'13','15','C008','T'),
('MIERCOLES' ,'13','15','C008','P'),
-- B
('LUNES' ,'19','21','C009','T'),
('MIERCOLES' ,'19','21','C009','P'),

-- Ingenieria del software
-- A
('MARTES' ,'7','9','C010','T'),
('JUEVES','7','9','C010','P'),
('VIERNES','8','9','C010','T'),

-- Aprendizaje Automatico
-- A
('LUNES'    ,'9','11','C011','T'),
('MIERCOLES','9','11','C011','P'),
('VIERNES'  ,'9','10','C011','T'),
-- B
('LUNES'    ,'17','19','C012','T'),
('MIERCOLES','17','19','C012','P'),
('VIERNES'  ,'18','19','C012','T'),

-- Planeamiento y Direccion estrategica
-- A
('VIERNES' ,'11','13','C013','T'),
('SABADO' ,'7','9','C013','P'),
-- B
('MARTES' ,'19','21','C014','T'),
('JUEVES' ,'19','21','C014','P'),

-- Procesamiento del Lenguaje
-- A
('LUNES'    ,'7','9','C015','T'),
('MIERCOLES','7','9','C015','P'),
('VIERNES'  ,'7','8','C015','T');

GO

INSERT INTO TMatriculado(IDCatalogo, CodAlumno, Apellidos,Nombre) VALUES 
-- Fundamentos de programacion A
('C001',	'211355',	'AUCCACUSI-HUANCA','-PAUL ANDRÉ'	),
('C001',	'210919',	'BIGGERSTAFF-PUMACAHUA','-MEI-LING'	),
('C001',	'210920',	'BUENO-LESCANO','-ANDRIC JEREMY'	),
('C001',	'151832',	'CASTELLANOS-AMANQUI','-GEORGE SANTIAGO'	),
('C001',	'210928',	'ESTRADA-CUYTO','-BRANDON PAOLO'	),
('C001',	'194920',	'HUAMANI-CRIOLLO','-JUVENAL'	),
('C001',	'211857',	'HUISA-NINA','-YIMY YOHEL'	),
('C001',	'193807',	'JANCCO-CONCHA','-CESAR AUGUSTO'	),
('C001',	'200781',	'LIMPI-TINTA','-IVAN NESTOR'	),
('C001',	'210935',	'MERMA-CHURA','-JEANPIER XILANDER'	),
('C001',	'211858',	'MEZA-CHALLCO','-DYLAN PATRICK'	),
('C001',	'210937',	'MOTTA-MENDOZA','-PAVEL ALVARO'	),
('C001',	'211860',	'MUÑOZ-CENTENO','-MILDER'	),
('C001',	'211356',	'PALACIOS-DURAND','-ORIOL FERNANDO'	),
('C001',	'210939',	'PANTOJA-OLAVE','-GUSTAVO'	),
('C001',	'210179',	'PRIETO-CARDOSO','-DAVID FERNANDO'	),
('C001',	'211861',	'PUMA-CHAÑI','-JOSÉ LUIS'	),
('C001',	'210940',	'PUMACHOQUE-CHOQUENAIRA','-JHON ESAU'	),
('C001',	'211357',	'QQUENTE-ALVAREZ','-FRANK RODRIGO'	),
('C001',	'113547',	'QUINAYA-MEJIA','-RONY WILSON'),	
('C001',	'210941',	'QUISPE-CRUZ','-JOSE ARMAND'),	
('C001',	'211359',	'QUISPE-VENTURA','-IAN LOGAN WILL'),	
('C001',	'210411',	'RAMOS-ALVAREZ','-ISMAEL GERSON'),	
('C001',	'210942',	'RODRIGUEZ-PAUCCARA','-CRISTIAN DIEGO'),	
('C001',	'210412',	'ROMERO-BERNAL','-JHAMSID'),	
('C001',	'210413',	'SANCHEZ-ENCISO','-HORUS HUGO'),	
('C001',	'184210',	'TAPIA-QUISPE','-ANDRE WASHINGTON'),	
('C001',	'204807',	'TINOCO-CCOTO','-LUIS MANUEL'),	
('C001',	'211361',	'TORRE-CANO','-EDUARDO'),	
('C001',	'192430',	'TTITO-QUISPE','-ABELARDO'),	
('C001',	'211362',	'VALERIANO-HUACARPUMA','-LUIGUI FERNANDO'),	
('C001',	'210180',	'VILLALOBOS-USCA','-ANGHELO'),
-- Fundamentos de programacion B
('C002',	'204792',	'ACHAHUANCO-VALENZA','-ANDREE'	),
('C002',	'192414',	'BARRIENTOS-CRUZ','-CRISTHIAN'	),
('C002',	'210409',	'CASTILLA-VARGAS','-DAYANA ANGELA'	),
('C002',	'210921',	'CCAMA-ENRIQUEZ','-CAROLAY	'),
('C002',	'210922',	'CCASA-CCAHUANA','-FLOR DELIZ'	),
('C002',	'210923',	'CCOYO-MEJIA','-BRANDON'	),
('C002',	'210924',	'CUSI-DIAZ','-IBETH JANELA DEL PILAR'),	
('C002',	'210925',	'DENOS-LIVANO','-CRISTIAN PAUL'	),
('C002',	'210926',	'DURAN-HUAMAN','-YELSIN MAGIBEL'	),
('C002',	'210927',	'ENRIQUEZ-ARAMBURU','-JELIEL'	),
('C002',	'210929',	'GUTIERREZ-ALFARO','-RONALD EINAR'	),
('C002',	'081561',	'HUACANI -DE LA CRUZ','-DANY DARWIN'	),
('C002',	'211855',	'HUACHO-CRUZ','-DAVID ALI	'),
('C002',	'210930',	'HUAMAN-BERRIO','-FRANZ PAUL	'),
('C002',	'204798',	'HUARACALLO-ARENAS','-LINO ZEYNT'	),
('C002',	'211856',	'HUAYAPA-HUAMANÑAHUI','-OMAR'	),
('C002',	'183067',	'HUAYLLA-HUILLCA','-ROSSBEL'	),
('C002',	'191871',	'IBARRA-HUAMANCARI','-RAY MARCELO'	),
('C002',	'210931',	'KJUIRO-HUAMAN','-HJOVER ELSON'	),
('C002',	'210933',	'MAMANI-JARA','-JORGE LUIS'	),
('C002',	'194522',	'MAMANI-MESCCO','-LUIS ANTHONY'	),
('C002',	'210934',	'MAMANI-SALCEDO','-LIZETH CARLA'	),
('C002',	'210936',	'MONTAÑEZ-MEDINA','-DANIEL'	),
('C002',	'211859',	'MOREANO-VILLENA','-MIGUEL ANGEL'),	
('C002',	'204800',	'MUÑOZ-CASTILLO','-GEORGE IVANOK'),	
('C002',	'210410',	'PACCO-MAMANI','-MARLOM DIEGO'	),
('C002',	'210938',	'PALACIOS-YAPO','-ALAIN ANTHONY'	),
('C002',	'211862',	'QUISPE-ARQQUE','-ETNER YURY'	),
('C002',	'211358',	'QUISPE-HUILLCA','-JOHAM ESAU'),	
('C002',	'200339',	'QUISPE-HUITOCALLO','-GABRIE'	),
('C002',	'211360',	'ROZAS-CCASA','-VICTORIA FATIMA'	),
('C002',	'210943',	'SAIRE-HUAMAN','-ELIAS'	),
('C002',	'204809',	'TORRES-MENDOZA','-RAUL'	),
('C002',	'210944',	'USCAPI-PUCHO','-DIEGO EDU'),	
('C002',	'211863',	'YUCRA-CHURA','-ROY ELMER'),	
('C002',	'211363',	'YUCRA-MENDOZA','-LISBETH'	),
('C002',	'161534',	'ZEGARRA-ROJAS','-JORGE ENRIQUE'	),
('C002',	'204322',	'ZULOAGA-CCOPA','-NILSON LEONEL'),
-- Modelos Porbabilisticos A
('C003',	'194916',	'BACILIO-HUAMAN','-JEAN MARCO'	),
('C003',	'193027',	'BLANCO-MOZO','-CARMEN GUADALUPE'	),
('C003',	'071106',	'CCAHUANTICO-MENDOZA','-JULIO CESAR	'),
('C003',	'182727',	'CCAHUANTICO-NINAMEZA','-LUIS FERNANDO'	),
('C003',	'194516',	'CCAÑIHUA-LAYME','-ELIAZAR'	),
('C003',	'192417',	'CESPEDES-VILCA','-ANGEL LUIS'	),
('C003',	'193110',	'FIGUEROA-RODRIGUEZ','-ASTRID'	),
('C003',	'184199',	'GALLEGOS-CJUIRO','-LUIS ALBERTO'	),
('C003',	'194918',	'GAMARRA-FLORES','-DAYHANA LUCERO'	),
('C003',	'090215',	'GIBAJA-HUAYHUA','-JUAN CARLOS'	),
('C003',	'193834',	'GODOY-LACUTA','-CRISTIAN AYRTHON'	),
('C003',	'192420',	'GUEVARA-DELGADO','-TIRSSA IVONNE'	),
('C003',	'194919',	'HUAICOCHEA-CARDENAS','-WILBER EMANUEL'	),
('C003',	'194518',	'HUAMAN-JAIMES','-NICANOR'	),
('C003',	'194519',	'HUAMAN-QUISPE','-JEMY SANDRO'	),
('C003',	'184204',	'HUILLCA-QUISPE','-JOEL	'),
('C003',	'200334',	'LIMA-ESPERILLA','-KATERINE CANDY'	),
('C003',	'194520',	'LLAMOCCA-QUISPE','-FRANKLIN	'),
('C003',	'171938',	'LOPE-TORRES','-MARISOL'	),
('C003',	'194521',	'MALDONADO-CHALCO','-CRISTIAN DANIEL'),	
('C003',	'194523',	'MAMANI-MEZA','-JOHANA MARIA'	),
('C003',	'194524',	'MELENDRES-PEREZ','-CRISTINA'	),
('C003',	'160331',	'MOZO-DAVILA','-MILTON ADERLIN'	),
('C003',	'194525',	'PAREDES-CURASCO','-ARELI SHALON'	),
('C003',	'184780',	'PAUCCAR-BLANCO','-HAPMYR ERWIN'	),
('C003',	'183469',	'PIMENTEL-FRANCO','-GONZALO MARTIN'	),
('C003',	'171567',	'PUCLLA-HUAMAN','-DIANA STEPHANIE'	),
('C003',	'150495',	'QUISPE-CLEMENTE','-SAMAN'	),
('C003',	'194527',	'QUISPE-SANTA CRUZ','-YOEL SANDRO'),
('C003',	'141158',	'SAIRE-HANCCO','-CESAR ANDERSSON'	),
('C003',	'194921',	'SAMATA-PUMAHUALCCA','-CRISTHIAN'	),
('C003',	'194922',	'SILVA-GUEVARA','-ESTEFAN POL'	),
('C003',	'194529',	'TORRES-MAMANI','-GERSON'	),
('C003',	'191874',	'VALENCIA-ÑAUPA','-MARKO LEONEL'),
-- Modelos Probabilisticos B
('C004',	'175022',	'BAUTISTA-HURTADO','-OWEN DEISER'),
('C004',	'193830',	'CCALA-HUAMANI','-CRISTHIAN'),
('C004',	'192416',	'CCASANI-HUAMAN','-WILMAN'	),
('C004',	'174941',	'CHOQUENAIRA-GARCIA','-RONAL FRANKLIN'),
('C004',	'170431',	'CRUZ-CARRION','-JOSE LUIS'	),
('C004',	'174910',	'CUSI-HUAYLLA','-MIGUEL ANGEL'	),
('C004',	'130737',	'DIANDERAS-LOPEZ','-JHOHELLS ERICK'	),
('C004',	'194917',	'FLORES-CASTRO','-MARY CARMEN'),	
('C004',	'114141',	'FLORES-SANTOS','-YEREMI ANDREI'),
('C004',	'164241',	'GIRALDO-ENCISO','-DAVID'),
('C004',	'100511',	'GUTIERREZ-AMACHI','-JUAN CARLOS'),
('C004',	'191871',	'IBARRA-HUAMANCARI','-RAY MARCELO'),
('C004',	'164243',	'MACEDO-GHEILER','-SEBASTIAN ISRAEL'),
('C004',	'155182',	'MAR-GIBAJA','-RENATO'	),
('C004',	'155192',	'NUÑEZ-HUALL','-ALFREDO'),
('C004',	'174445',	'OLARTE-CASAS','-RODRIGO FABRICIO'),
('C004',	'193004',	'PARQUE-AROSQUIPA','-LENIN JOAQUIN'),
('C004',	'182931',	'QUISPE-MORA','-ANDERSON'),
('C004',	'141673',	'RAMOS-DELGADO','-SAMIRE'),
('C004',	'200826',	'RODRIGUEZ-PHILLCO','-JAIME ANTONIO'),
('C004',	'193129',	'TTITO-HUAMAN','-KEVIN JHOEL'),
('C004',	'182937',	'VELASQUEZ-DURAND','-HANS ROBERT'),
('C004',	'154630',	'YUCRA-VALDEZ','-YEFER YOSELIN'),
-- Metodologia de desarrollo de software A
('C005',	'114136',	'ALMIRON-GONZALES','-JUAN RAISER'	),
('C005',	'192664',	'APARICIO-CASTILLA','-BRAYAN GUSTAVO'	),
('C005',	'192997',	'ARCE-QUISPE','-RUTH MILAGROS'	),
('C005',	'113572',	'AUCAPIÑA-SUVIZARRETA','-EDWAR'	),
('C005',	'191870',	'CAHUATA-LAVILLA','-YOLMY MILAGROS'	),
('C005',	'192998',	'CARDENAS-HUAMAN','-FABRICIO YARED'	),
('C005',	'192999',	'CCONCHO-CASTELLANOS','-MIGUEL ANGEL'	),
('C005',	'184645',	'CCOTO-MACHACA','-EDWIN BRAYAN'	),
('C005',	'154632',	'CHAMPI-PUMA','-WILLIAM RUIZ'	),
('C005',	'182731',	'CHIRINOS-VILCA','-YERSON JOAB'	),
('C005',	'101658',	'CHOQUE-CCOA','-DENNIS ALIPIO'	),
('C005',	'193000',	'CHOQUELUQUE','-GARCIA-ALEJANDRO MIGUEL'	),
('C005',	'193832',	'CORTEZ-CCAHUANTICO','-PAOLA ANDREA'	),
('C005',	'120008',	'CUETO-SANCHEZ','-CARLA PALOMA'	),
('C005',	'192419',	'CUSI-QUISPE','-YANET'	),
('C005',	'192665',	'FERNANDEZ-MANDURA','-ROYER FUNACOSHI'	),
('C005',	'151812',	'FERRO-ALVAREZ','-JUSTINO'	),
('C005',	'182911',	'GAMARRA-HERRERA','-GABRIELA	'),
('C005',	'193001',	'GIFONE-VILLASANTE','-EDUARDO JUAREIS'	),
('C005',	'151835',	'HUAMAN-LONCONI','-MARCO ANTONIO'	),
('C005',	'112207',	'IBARRA-CASTILLO','-WALDO ERICK'	),
('C005',	'192424',	'MACCARCCO-QUISPE','-KAROL GIANELLA	'),
('C005',	'174856',	'MAMANI-HUAMAN','-KALEB GEDEON'	),
('C005',	'192666',	'MELENDEZ-MENDIGURE','-EDWARD'	),
('C005',	'182921',	'MOLLINEDO-PEÑA','-ALVARO SEBASTIAN'	),
('C005',	'110071',	'MUNIVE-SALAS','-CIRO'	),
('C005',	'174913',	'NAOLA-PUMA','-EDWARD BRAYAN'	),
('C005',	'141677',	'NINAHUANCA','-CHOQUE-JUAN CARLOS'	),
('C005',	'184652',	'PANDO-MUÑOZ','-ROSWELL JAIME'	),
('C005',	'141671',	'PAREDES-DENOS','-VICTOR ANIVAL'	),
('C005',	'191873',	'PUMA-HUAMANI','-GLINA DE LA FLOR'	),
('C005',	'171524',	'PUMACAHUA','-APAZA-LEONARDO CHEPPER'),	
('C005',	'160332',	'QUISPE-JIMENEZ','-MIGUEL ANGEL'	),
('C005',	'171917',	'RAMOS-BANDA','-SANDRO'	),
('C005',	'174864',	'RAMOS-CONDORI','-DANNY'),
('C005',	'120897',	'TELLO-JUSTINIANI','-LUIS DAVID	'),
('C005',	'184211',	'TINCUSI-CCORIMANYA','-JHON JAIME'),
('C005',	'163813',	'VIZCARRA-VARGAS','-MARCELO ANGELO'),

-- Metodologia del desarrollo del software B
('C006',	'184641',	'BAUTISTA-HUILLCA','-RUBEN RONALD'	),
('C006',	'093160',	'CHARA-TACURI','-CESAR	'),
('C006',	'174439',	'CHOQUECONZA-QUISPE','-NORGAN SANDRO'	),
('C006',	'141672',	'CORNEJO-CRUZ','-JULIO WILSON'	),
('C006',	'992091',	'CRUZ-ZAMALLOA','-OMAR ROLANDO'	),
('C006',	'160327',	'CUSI-HUAMAN','-KEVIN YEISON'	),
('C006',	'174441',	'DEZA-KACHA','-RENO MAX'	),
('C006',	'174443',	'FARFAN-MOSCOSO','-JUAN VICTOR'	),
('C006',	'101659',	'FERIA-TAPARA','-JOSE ADOLFO'	),
('C006',	'032648',	'LIMPE-ZEVALLOS','-LUIS ANDRES'	),
('C006',	'184802',	'MAMANI-LAROTA','-PAUL DAVID'	),
('C006',	'143833',	'MELO-GUTIERREZ','-RAUL ELVER'	),
('C006',	'113562',	'MENDOZA-HUAILLAPUMA','-ELISBAN'	),
('C006',	'182922',	'MONTES-HUILLCA','-FRANKLIN JESUS'	),
('C006',	'193003',	'NOA-LLASCCANOA','-ELIAZAR'	),
('C006',	'193837',	'PFOCCORI-QUISPE','-ALEX HARVEY'	),
('C006',	'151822',	'PUMA-MAMANI','-NILSON MAURIÑO'	),
('C006',	'160853',	'PUMA-MENDOZA','-CARLOS EDUARDO	'),
('C006',	'164248',	'PUMA-POTOCINO','-JOSE FRANCISCO'),	
('C006',	'182928',	'PUMA-SOTOMAYOR','-RICHARD MIHAYLOR'	),
('C006',	'150404',	'QUEKQAÑO-QUISPE','-CAYO ABEL'	),
('C006',	'120895',	'QUISPE-PICHUILLA','-AYRTON'	),
('C006',	'101664',	'QUISPE-RODRIGUEZ','-LUIS ALEXEI'	),
('C006',	'171866',	'QUISPE-YAHUIRA','-RONALDO	'),
('C006',	'184653',	'RODRIGUEZ-CASAS','-MARJORIE REBECCA'	),
('C006',	'184209',	'SAIRE-SALAZAR','-AXEL STEWARF'	),
('C006',	'150406',	'SANGA-MONRROY','-ROGER'	),
('C006',	'182935',	'USCACHI-CCAPA','-ERICK'	),
('C006',	'151830',	'VALDEIGLESIAS-DUEÑAS','-NAJOR JOSUE'	),
('C006',	'184212',	'VALENCIA-CUSIPUMA','-LUIS MAO	'),
('C006',	'182939',	'VILLALOBOS-QUISPE','-PAMELA ARACELY'),
-- Fundamentos y disenio de bases de datos
('C007',	'114136',	'ALMIRON-GONZALES','-JUAN RAISER'),
('C007',	'192664',	'APARICIO-CASTILLA','-BRAYAN GUSTAVO'	),
('C007',	'192997',	'ARCE-QUISPE','-RUTH MILAGROS'	),
('C007',	'113572',	'AUCAPIÑA-SUVIZARRETA','-EDWAR'),	
('C007',	'191870',	'CAHUATA-LAVILLA','-YOLMY MILAGROS'),	
('C007',	'164236',	'CARBAJAL-LAURA','-KOSMAR HUGO'),
('C007',	'192998',	'CARDENAS-HUAMAN','-FABRICIO YARED'),	
('C007',	'140984',	'CCAPATINTA-QQUECCAÑO','-DENNIS MOISES'),	
('C007',	'192999',	'CCONCHO-CASTELLANOS','-MIGUEL ANGEL'),	
('C007',	'184645',	'CCOTO-MACHACA','-EDWIN BRAYAN'),	
('C007',	'154632',	'CHAMPI-PUMA','-WILLIAM RUIZ'),	
('C007',	'182731',	'CHIRINOS-VILCA','-YERSON JOAB'),	
('C007',	'193000',	'CHOQUELUQUE-GARCIA','-ALEJANDRO MIGUEL'	),
('C007',	'193832',	'CORTEZ-CCAHUANTICO','-PAOLA ANDREA'	),
('C007',	'120008',	'CUETO-SANCHEZ','-CARLA PALOMA'	),
('C007',	'192419',	'CUSI-QUISPE','-YANET'	),
('C007',	'192665',	'FERNANDEZ-MANDURA','-ROYER FUNACOSHI'),	
('C007',	'151812',	'FERRO-ALVAREZ','-JUSTINO'	),
('C007',	'193001',	'GIFONE-VILLASANTE','-EDUARDO JUAREIS'),	
('C007',	'151835',	'HUAMAN-LONCONI','-MARCO ANTONIO'),	
('C007',	'192424',	'MACCARCCO-QUISPE','-KAROL GIANELLA	'),
('C007',	'174856',	'MAMANI-HUAMAN','-KALEB GEDEON'	),
('C007',	'184802',	'MAMANI-LAROTA','-PAUL DAVID	'),
('C007',	'192666',	'MELENDEZ-MENDIGURE','-EDWARD	'),
('C007',	'193002',	'MERCADO-HUAYCHO','-ADELMECIA'	),
('C007',	'182921',	'MOLLINEDO-PEÑA','-ALVARO SEBASTIAN	'),
('C007',	'174913',	'NAOLA-PUMA','-EDWARD BRAYAN'	),
('C007',	'184652',	'PANDO-MUÑOZ','-ROSWELL JAIME	'),
('C007',	'141671',	'PAREDES-DENOS','-VICTOR ANIVAL'	),
('C007',	'191873',	'PUMA-HUAMANI','-GLINA DE LA FLOR'	),
('C007',	'182928',	'PUMA-SOTOMAYOR','-RICHARD MIHAYLOR'	),
('C007',	'171524',	'PUMACAHUA-APAZA','-LEONARDO CHEPPER'),	
('C007',	'160332',	'QUISPE-JIMENEZ','-MIGUEL ANGEL'	),
('C007',	'120895',	'QUISPE-PICHUILLA','-AYRTON'	),
('C007',	'174864',	'RAMOS-CONDORI','-DANNY	'),
('C007',	'184209',	'SAIRE-SALAZAR','-AXEL STEWARF'),	
('C007',	'150406',	'SANGA-MONRROY','-ROGER	'),
('C007',	'144986',	'SOTO-COCHAMA','-HUGO ROBERTO'),	
('C007',	'120897',	'TELLO-JUSTINIANI','-LUIS DAVID'	),
('C007',	'184211',	'TINCUSI-CCORIMANYA','-JHON JAIME'),	
('C007',	'151830',	'VALDEIGLESIAS-DUEÑAS','-NAJOR JOSUE'),	
('C007',	'184212',	'VALENCIA-CUSIPUMA','-LUIS MAO'	),
('C007',	'182939',	'VILLALOBOS-QUISPE','-PAMELA ARACELY'),	
('C007',	'163813',	'VIZCARRA-VARGAS','-MARCELO ANGELO'),
-- Compiladores A
('C008',	'182893',	'	AGUILAR-PORCEL','-JAZMIN'	),
('C008',	'950610',	'	ANDRADE-ESCOBAR','-LUIS'	),
('C008',	'184641',	'	BAUTISTA-HUILLCA','-RUBEN RONALD'),	
('C008',	'174907',	'	CAMPOS-SEGOVIA','-JEFFERSON LENNART'),	
('C008',	'192998',	'	CARDENAS-HUAMAN','-FABRICIO YARED'	),
('C008',	'184643',	'	CASTRO-HUAYHUA','-NELSON BERTOL'),	
('C008',	'154632',	'	CHAMPI-PUMA','-WILLIAM RUIZ	'),
('C008',	'170430',	'	COVARRUBIAS-AGUILAR','-GEREMY ANDRE'),	
('C008',	'183369',	'	DEL CASTILLO-OVALLE','-LUZ MARINA'	),
('C008',	'184646',	'	DIAZ-HUAYLUPO','-CHRISTIAN ENRIQUE'	),
('C008',	'151812',	'	FERRO-ALVAREZ','-JUSTINO'	),
('C008',	'171059',	'	FLORES-IGNACIO','-JOSE LUIS	'),
('C008',	'184647',	'	FLORES-NIETO','-CARLOS FABRICIO'),	
('C008',	'171060',	'	FUENTES-CCORI','-KEVIN HERNAN	'),
('C008',	'184648',	'	GALICIA-CENTENO','-EDSON RAUL'	),
('C008',	'170433',	'	HOLGUIN-CONDORI','-JULIO JOSUE'	),
('C008',	'154856',	'	HUAHUATICO-SORIA','-RONALD'	),
('C008',	'184203',	'	HUAMAN-ATAYUPANQUI','-LISBET PAOLA	'),
('C008',	'155372',	'	KU-ANDRADE','-ANGELO PIETRI'	),
('C008',	'183464',	'	MALDONADO-CARDEÑA','-STIWARTH D´ALENBERT'),	
('C008',	'113562',	'	MENDOZA-HUAILLAPUMA','-ELISBAN'	),
('C008',	'193002',	'	MERCADO-HUAYCHO','-ADELMECIA'	),
('C008',	'182920',	'	MERMA-HUAMAN','-NOHEMI NATALIA'	),
('C008',	'101526',	'	ORUE-QUISPE','-ALVARO AMERICO'	),
('C008',	'184207',	'	PACCO-YLLA','-YONATAN'	),
('C008',	'154636',	'	PALOMINO-AUQUITAYASI','-JOSE RAMIRO'),	
('C008',	'184652',	'	PANDO-MUÑOZ','-ROSWELL JAIME'	),
('C008',	'144884',	'	POCCORI-ESCALANTE','-JUAN DIEGO'),	
('C008',	'150495',	'	QUISPE-CLEMENTE','-SAMAN'	),
('C008',	'171917',	'	RAMOS-BANDA','-SANDRO'	),
('C008',	'163671',	'	ROBLES-SILVA','-ANGELO'	),
('C008',	'171069',	'	RODRIGUEZ-OJEDA','-JORGE VICTOR'	),
('C008',	'184655',	'	SANCA-ZEVALLOS','-JERY'	),
('C008',	'182938',	'	VILLAFUERTE-GARCES','-EDU RODRIGO'),
-- Compiladores B
('C009',	'151450',	'	ACHAHUANCO-ACHAHUI','-EURIDICE INGRID'	),
('C009',	'184192',	'	ARCE-QUISPE','-LISBETH'	),
('C009',	'192997',	'	ARCE-QUISPE','-RUTH MILAGROS'	),
('C009',	'141660',	'	AROSTEGUI-CERNA','-JAIR FREDERICK'	),
('C009',	'191870',	'	CAHUATA-LAVILLA','-YOLMY MILAGROS'	),
('C009',	'174838',	'	CALLHUA-ALDAZABAL','-OSBALDO DAN'	),
('C009',	'164238',	'	CASILLA-TTITO','-EVANDIR SAUL'	),
('C009',	'192999',	'	CCONCHO-CASTELLANOS','-MIGUEL ANGEL'	),
('C009',	'133960',	'	CHAMPI-CHAMPI','-ABRAHAN ELIAS'	),
('C009',	'193000',	'	CHOQUELUQUE-GARCIA','-ALEJANDRO MIGUEL'),	
('C009',	'141672',	'	CORNEJO-CRUZ','-JULIO WILSON'),	
('C009',	'992091',	'	CRUZ-ZAMALLOA','-OMAR ROLANDO'),	
('C009',	'182904',	'	CURO-MAMANI','-ALEX YTALO'	),
('C009',	'160327',	'	CUSI-HUAMAN','-KEVIN YEISON'),	
('C009',	'192419',	'	CUSI-QUISPE','-YANET	'),
('C009',	'193001',	'	GIFONE-VILLASANTE','-EDUARDO JUAREIS'	),
('C009',	'161367',	'	HUALVERDE-QUISPE','-BENJAMIN ALEXANDER'	),
('C009',	'184650',	'	HUARHUA-QUISPE','-JUANA YULIANA'),	
('C009',	'163808',	'	LOZANO-LLACCTAHUAMAN','-ROYER BRANDON'	),
('C009',	'192424',	'	MACCARCCO-QUISPE','-KAROL GIANELLA'	),
('C009',	'185132',	'	MAMANI-TAYÑA','-GABRIEL ARTURO	'),
('C009',	'155180',	'	MASIAS-USCAMAYTA','-NAOMI ISABEL'),	
('C009',	'131612',	'	MONTAÑEZ-CHOQUE','-WILLIANS'	),
('C009',	'182922',	'	MONTES-HUILLCA','-FRANKLIN JESUS'),	
('C009',	'124799',	'	NINA-GUARDAPUCLLA','-CARLOS ALEX'),	
('C009',	'155192',	'	NUÑEZ-HUALLA','-ALFREDO	'),
('C009',	'191873',	'	PUMA-HUAMANI','-GLINA DE LA FLOR'),	
('C009',	'160853',	'	PUMA-MENDOZA','-CARLOS EDUARDO'),	
('C009',	'150404',	'	QUEKQAÑO-QUISPE','-CAYO ABEL'	),
('C009',	'160336',	'	TRIVEÑO-GUERRERO','-MANUEL CAMILO'),	
('C009',	'163813',	'	VIZCARRA-VARGAS','-MARCELO ANGELO'),
-- Ingenia de software I
('C010',	'151388',	'CACERES-QUISPE','-MARIA FERNANDA'	),
('C010',	'170749',	'CARMONA-CHOQUEMAMANI','-KENNY HAROLD'	),
('C010',	'170428',	'CASSA-LIPA','-EDWAR YURI'	),
('C010',	'101059',	'CASTILLO-LOPEZ','-RICARDO JORGE'	),
('C010',	'161756',	'CCONISLLA-MEDINA','-ANTHONY ALDAIR'	),
('C010',	'161757',	'CCUITO-QUISPE','-JHON ALBERT'	),
('C010',	'182898',	'CERATI-CERRILLO','-FIORELLA'	),
('C010',	'170750',	'CUSIHUAMAN-AUCCACUSI','-LUIS ALDAIR'	),
('C010',	'182906',	'CUYO-TTITO','-DENIS OMAR'	),
('C010',	'182908',	'ESPINOZA-CHAMPI','-ISRAEL ENRIQUE'	),
('C010',	'182909',	'ESTRELLA-VILCA','-JAMES KEVIN'	),
('C010',	'182910',	'FLORES-ROBLES','-KATHERYNE SHARMELLY'	),
('C010',	'182914',	'HUAMAN-MENDOZA','-ELVIS JORGE'	),
('C010',	'170435',	'HUAMAN-TORRES','-ALVARO RICARDO'	),
('C010',	'160544',	'JARA-HILLPA','-LUIS ABELARDO'	),
('C010',	'182916',	'LAZO-MENDOZA','-JEREMY AXL	'),
('C010',	'164566',	'MAMANI-QUINTA','-MICHAEL ANTONNI'	),
('C010',	'182923',	'MORA-CCARHUARUPAY','-LUZ LUCERO'	),
('C010',	'154631',	'NOLASCO-SUYO','-CARLOS ANTONI	'),
('C010',	'182925',	'OLIVARES-CAMERO','-ALER SEBASTIAN	'),
('C010',	'182927',	'PEÑA-LUQUE','-RAISA MELINA'	),
('C010',	'130322',	'PEREZ-TOMAYLLA','-BRUNO'	),
('C010',	'170439',	'QUISPE YNGA-CALLAÑAUPA','-LUIS ANGEL'	),
('C010',	'151780',	'QUISPE-PUMA','-LUCERO'),
('C010',	'161135',	'QUISPE-TACURI','-RUDI'	),
('C010',	'171260',	'QUISPE-TTITO','-JOEL WILLY	'),
('C010',	'171069',	'RODRIGUEZ-OJEDA','-JORGE VICTOR	'),
('C010',	'161731',	'SONCCO-CACHURA','-DAVID'	),
('C010',	'174454',	'TINTAYA-TACO','-YUREMA LISBETH'	),
('C010',	'083222',	'VARGAS-QUISPE','-CHARLY'	),
('C010',	'174961',	'VILCAHUAMAN-CACERES','-MIGUEL'	),
('C010',	'182940',	'VILLASANTE-LEON','-AMARU'	),
('C010',	'171573',	'YAÑEZ-TUERO','-JOSE ANGEL'),
-- Aprendizaje Automatico A
('C011',	'151388',	'CACERES-QUISPE','-MARIA FERNANDA'),	
('C011',	'171057',	'	CALDERON-TINTAYA','-FALLCHA XIOMARA	'),
('C011',	'170749',	'	CARMONA-CHOQUEMAMANI','-KENNY HAROLD'	),
('C011',	'101059',	'	CASTILLO-LOPEZ','-RICARDO JORGE'),	
('C011',	'161756',	'	CCONISLLA-MEDINA','-ANTHONY ALDAIR'),	
('C011',	'161757',	'	CCUITO-QUISPE','-JHON ALBERT'	),
('C011',	'182898',	'	CERATI-CERRILLO','-FIORELLA	'),
('C011',	'174440',	'	CONDORI-OCHOA','-GIOVDEY ABRAHAM'	),
('C011',	'182906',	'	CUYO-TTITO','-DENIS OMAR'	),
('C011',	'182908',	'	ESPINOZA-CHAMPI','-ISRAEL ENRIQUE'	),
('C011',	'182909',	'	ESTRELLA-VILCA','-JAMES KEVIN'	),
('C011',	'182914',	'	HUAMAN-MENDOZA','-ELVIS JORGE'	),
('C011',	'140156',	'	HUAMAN-MENDOZA','-JOHAN WILFREDO'	),
('C011',	'161761',	'	HUAMANI-SURCO','-GROBER ALBERT'	),
('C011',	'182916',	'	LAZO-MENDOZA','-JEREMY AXL'	),
('C011',	'164566',	'	MAMANI-QUINTA','-MICHAEL ANTONNI'),	
('C011',	'113561',	'	MAXDEO-LAGOS','-KEVIN ROUSBEL'	),
('C011',	'182923',	'	MORA-CCARHUARUPAY','-LUZ LUCERO'	),
('C011',	'154631',	'	NOLASCO-SUYO','-CARLOS ANTONI'	),
('C011',	'182925',	'	OLIVARES-CAMERO','-ALER SEBASTIAN'	),
('C011',	'182927',	'	PEÑA-LUQUE','-RAISA MELINA'	),
('C011',	'130322',	'	PEREZ-TOMAYLLA','-BRUNO'	),
('C011',	'170439',	'	QUISPE YNGA-CALLAÑAUPA','-LUIS ANGEL'	),
('C011',	'161135',	'	QUISPE-TACURI','-RUDI'	),
('C011',	'171917',	'	RAMOS-BANDA','-SANDRO'	),
('C011',	'161731',	'	SONCCO-CACHURA','-DAVID	'),
('C011',	'182936',	'	USUCACHI-ANO','-ISAC ANDERSON'	),
('C011',	'083222',	'	VARGAS-QUISPE','-CHARLY'	),
('C011',	'174961',	'	VILCAHUAMAN-CACERES','-MIGUEL'),
-- Aprendizaje Automatico B
('C012',	'170428',	'	CASSA-LIPA','-EDWAR YURI'	),
('C012',	'160890',	'	CORDOVA-CASTRO','-MARKO LEUGIM'	),
('C012',	'170430',	'	COVARRUBIAS-AGUILAR','-GEREMY ANDRE'	),
('C012',	'164564',	'	ESPINAL-HUAMAN','-ANGEL PLACIDO	'),
('C012',	'171059',	'	FLORES-IGNACIO','-JOSE LUIS'),
('C012',	'182910',	'	FLORES-ROBLES','-KATHERYNE SHARMELLY'	),
('C012',	'160923',	'	GONZALES-HUISA','-NELSON	'),
('C012',	'171061',	'	GUEVARA-FERRO','-CRISTIAN LUIS'	),
('C012',	'171062',	'	GUTIERREZ-SALAZAR','-JUAN MANUEL'	),
('C012',	'155190',	'	HINOJOSA-HUARCA','-BRAYAN ALEXANDERT'),	
('C012',	'170435',	'	HUAMAN-TORRES','-ALVARO RICARDO'	),
('C012',	'032648',	'	LIMPE-ZEVALLOS','-LUIS ANDRES'	),
('C012',	'161727',	'	MUÑOZ-PACHECO','-ENIT'	),
('C012',	'171064',	'	ORE-GAMARRA','-ABRAHAM BENJAMIN'	),
('C012',	'110603',	'	PUMAYALLI-CUSICUNA','-FRANK EDISON'	),
('C012',	'151780',	'	QUISPE-PUMA','-LUCERO'	),
('C012',	'171067',	'	QUISPE-SERRANO','-HILLARY CRISTINA'	),
('C012',	'171068',	'	RODRIGUEZ-HANCCO','-RUDY RODRIGO'),	
('C012',	'171069',	'	RODRIGUEZ-OJEDA','-JORGE VICTOR'),	
('C012',	'174450',	'	SALAS-CCOLQQUE','-WILLIAN'	),
('C012',	'174454',	'	TINTAYA-TACO','-YUREMA LISBETH'	),
('C012',	'174455',	'	UGARTE-CASTILLO','-BRIGGITTE LEONOR'),	
('C012',	'182940',	'	VILLASANTE-LEON','-AMARU'),
-- Planeamiento y Direccion Estrategica de TI A
('C013',	'950610',	'ANDRADE-ESCOBAR','-LUIS'	),
('C013',	'131605',	'	AYQUIPA-GOMEZ','-AMILCAR'	),
('C013',	'130516',	'	BUSTAMANTE-MAMANI','-WASHINGTON MARCO	'),
('C013',	'170749',	'	CARMONA-CHOQUEMAMANI','-KENNY HAROLD'	),
('C013',	'170428',	'	CASSA-LIPA','-EDWAR YURI'	),
('C013',	'161756',	'	CCONISLLA-MEDINA','-ANTHONY ALDAIR'	),
('C013',	'182898',	'	CERATI-CERRILLO','-FIORELLA'	),
('C013',	'174440',	'	CONDORI-OCHOA','-GIOVDEY ABRAHAM'	),
('C013',	'170430',	'	COVARRUBIAS-AGUILAR','-GEREMY ANDRE'	),
('C013',	'170750',	'	CUSIHUAMAN-AUCCACUSI','-LUIS ALDAIR'),	
('C013',	'182908',	'	ESPINOZA-CHAMPI','-ISRAEL ENRIQUE'	),
('C013',	'182909',	'	ESTRELLA-VILCA','-JAMES KEVIN'	),
('C013',	'182910',	'	FLORES-ROBLES','-KATHERYNE SHARMELLY'	),
('C013',	'171061',	'	GUEVARA-FERRO','-CRISTIAN LUIS'	),
('C013',	'182914',	'	HUAMAN-MENDOZA','-ELVIS JORGE'	),
('C013',	'112207',	'	IBARRA-CASTILLO','-WALDO ERICK'	),
('C013',	'163808',	'	LOZANO-LLACCTAHUAMAN','-ROYER BRANDON'	),
('C013',	'170436',	'	LUYCHO-ANCAIFURO','-MARIELA'	),
('C013',	'163809',	'	MAMANI-CHINO','-RUBEN'	),
('C013',	'164566',	'	MAMANI-QUINTA','-MICHAEL ANTONNI'),	
('C013',	'182923',	'	MORA-CCARHUARUPAY','-LUZ LUCERO'),	
('C013',	'161727',	'	MUÑOZ-PACHECO','-ENIT	'),
('C013',	'182925',	'	OLIVARES-CAMERO','-ALER SEBASTIAN'	),
('C013',	'171064',	'	ORE-GAMARRA','-ABRAHAM BENJAMIN'),	
('C013',	'182926',	'	ORTEGA-SULLCACCORI','-ACCENT BLADIMIR'),	
('C013',	'101526',	'	ORUE-QUISPE','-ALVARO AMERICO	'),
('C013',	'182927',	'	PEÑA-LUQUE','-RAISA MELINA'	),
('C013',	'130322',	'	PEREZ-TOMAYLLA','-BRUNO'),	
('C013',	'151822',	'	PUMA-MAMANI','-NILSON MAURIÑO'),	
('C013',	'150404',	'	QUEKQAÑO-QUISPE','-CAYO ABEL'),	
('C013',	'170439',	'	QUISPE YNGA-CALLAÑAUPA','-LUIS ANGEL'),
('C013',	'151780',	'	QUISPE-PUMA','-LUCERO'),	
('C013',	'101664',	'	QUISPE-RODRIGUEZ-','LUIS ALEXEI'),	
('C013',	'171067',	'	QUISPE-SERRANO','-HILLARY CRISTINA'),	
('C013',	'171260',	'	QUISPE-TTITO','-JOEL WILLY	'),
('C013',	'171069',	'	RODRIGUEZ-OJEDA','-JORGE VICTOR'),	
('C013',	'174454',	'	TINTAYA-TACO','-YUREMA LISBETH'	),
('C013',	'083221',	'	TRUJILLO-TORBISCO','-LUIS ANDERSON'),	
('C013',	'174455',	'	UGARTE-CASTILLO','-BRIGGITTE LEONOR'),	
('C013',	'182936',	'	USUCACHI-ANO','-ISAC ANDERSON'	),
('C013',	'155183',	'	VARGAS-ARQQUE','-JEREMYK RUFINO'),

-- Planeamiento y Direccion Estrategica de TI B
('C014',	'093160',	'CHARA-TACURI','-CESAR'	),
('C014',	'182902',	'CONDE-QUISPE','-REINHARD VICENT'),	
('C014',	'163839',	'	CORAZAO-HINOJOSA','-REISON DARIO'),	
('C014',	'141154',	'	FERNANDEZ-TILCA','-CHRIS IALEEN'),	
('C014',	'160923',	'	GONZALES-HUISA','-NELSON'	),
('C014',	'161759',	'	HUACHACA-PINEDA','-HUMBERTO'),	
('C014',	'140156',	'	HUAMAN-MENDOZA','-JOHAN WILFREDO'),	
('C014',	'170435',	'	HUAMAN-TORRES','-ALVARO RICARDO'),	
('C014',	'160332',	'	QUISPE-JIMENEZ','-MIGUEL ANGEL'	),
('C014',	'171917',	'	RAMOS-BANDA','-SANDRO'	),
('C014',	'174450',	'	SALAS-CCOLQQUE','-WILLIAN'	),
('C014',	'184655',	'	SANCA-ZEVALLOS','-JERY'	),
('C014',	'182934',	'	SAPACAYO-HUAYHUA','-TEOFILO SOCRATES'	),
('C014',	'141011',	'	SIPAUCAR-CONDORI','-MARITZA MARIBEL'),	
('C014',	'161731',	'	SONCCO-CACHURA','-DAVID'	),
('C014',	'120897',	'	TELLO-JUSTINIANI','-LUIS DAVID'	),
('C014',	'155191',	'	URQUIZO-CARBAJAL','-VICTOR'	),
('C014',	'174961',	'	VILCAHUAMAN-CACERES','-MIGUEL'	),
('C014',	'160338',	'	YUPANQUI-CARRILLO','-HOLGER ALFREDO'),

-- Procesamiento del Lenguaje Natural
('C015',	'171943',	'	BUSTAMANTE-FLORES','-ERICK ANDREW'	),
('C015',	'170749',	'	CARMONA-CHOQUEMAMANI','-KENNY HAROLD'	),
('C015',	'101059',	'	CASTILLO-LOPEZ','-RICARDO JORGE'	),
('C015',	'161756',	'	CCONISLLA-MEDINA','-ANTHONY ALDAIR'	),
('C015',	'161757',	'	CCUITO-QUISPE','-JHON ALBERT'	),
('C015',	'174909',	'	CHOQUE-SARMIENTO','-LEYDI DIANA'),	
('C015',	'174440',	'	CONDORI-OCHOA','-GIOVDEY ABRAHAM'),	
('C015',	'160890',	'	CORDOVA-CASTRO','-MARKO LEUGIM'	),
('C015',	'170594',	'	DORADO-TORRES','-DIEGO ALONSO'	),
('C015',	'174442',	'	ESCOBEDO-MESCCO','-ANGIE'	),
('C015',	'182908',	'	ESPINOZA-CHAMPI','-ISRAEL ENRIQUE'	),
('C015',	'163525',	'	FARFAN-ENRIQUEZ','-GABRIELA'	),
('C015',	'171059',	'	FLORES-IGNACIO','-JOSE LUIS'	),
('C015',	'182910',	'	FLORES-ROBLES','-KATHERYNE SHARMELLY'	),
('C015',	'171061',	'	GUEVARA-FERRO','-CRISTIAN LUIS'),	
('C015',	'171062',	'	GUTIERREZ-SALAZAR','-JUAN MANUEL'),	
('C015',	'170434',	'	HUAMAN-HERMOZA','-ANTONY ISAAC'	),
('C015',	'140156',	'	HUAMAN-MENDOZA-','JOHAN WILFREDO'),	
('C015',	'161761',	'	HUAMANI-SURCO','-GROBER ALBERT'	),
('C015',	'174911',	'	HUANCARA-CCOLQQUE','-ALEX HELDER'),	
('C015',	'163845',	'	HUILLCA-HERRERA','-VICTOR POOL'	),
('C015',	'182916',	'	LAZO-MENDOZA','-JEREMY AXL'	),
('C015',	'155180',	'	MASIAS-USCAMAYTA','-NAOMI ISABEL'),	
('C015',	'182923',	'	MORA-CCARHUARUPAY','-LUZ LUCERO'),	
('C015',	'161369',	'	MUÑOZ-MUÑOZ','-WILY RODRIGO'),	
('C015',	'161727',	'	MUÑOZ-PACHECO','-ENIT'	),
('C015',	'154631',	'	NOLASCO-SUYO','-CARLOS ANTONI'	),
('C015',	'171064',	'	ORE-GAMARRA','-ABRAHAM BENJAMIN'),	
('C015',	'130322',	'	PEREZ-TOMAYLLA','-BRUNO'),	
('C015',	'110603',	'	PUMAYALLI-CUSICUNA','-FRANK EDISON'	),
('C015',	'174447',	'	QUISPE-CHAMBILLA','-CARLOS ENRIQUE'),	
('C015',	'171259',	'	QUISPE-LEON','-WIDMAR RAUL'	),
('C015',	'171067',	'	QUISPE-SERRANO','-HILLARY CRISTINA'	),
('C015',	'171866',	'	QUISPE-YAHUIRA','-RONALDO'	),
('C015',	'171068',	'	RODRIGUEZ-HANCCO','-RUDY RODRIGO'	),
('C015',	'171069',	'	RODRIGUEZ-OJEDA','-JORGE VICTOR'),	
('C015',	'174454',	'	TINTAYA-TACO','-YUREMA LISBETH'	),
('C015',	'182940',	'	VILLASANTE-LEON','-AMARU');
GO

INSERT INTO TPlanSesiones (Unidad,Capitulo,Tema,HorasProgramadas,Finalizado,IDCatalogo,Observacion,VariacionHora) VALUES
-- C001 -> FUNDAMENTOS DE PROGRAMACION - GRUPO A (Prof. Zonia)
('1°UNIDAD','INTRODUCCION','Presentacion de Silabo','02','NO','C001','','0'),
('1°UNIDAD','INTRODUCCION','Examen de entrada','02','NO','C001','','0'),
('1°UNIDAD','INTRODUCCION','Información complementaria','01','NO','C001','','0'),--semana0
-- 1°parcial
('1°UNIDAD','CAPITULO I','Algoritmos y Programas','02','NO','C001','','0'),
('1°UNIDAD','CAPITULO I','Representación de algoritmos','02','NO','C001','','0'),
('1°UNIDAD','CAPITULO I','Operadores: Aritméticos, relación y lógicos.','01','NO','C001','','0'),--semana1
('1°UNIDAD','CAPITULO I','Tipos de instrucciones básicos','02','NO','C001','','0'),
('1°UNIDAD','CAPITULO I','Etapas en el desarrollo de programas','02','NO','C001','','0'),
('1°UNIDAD','CAPITULO II','Introducción','01','NO','C001','','0'),--semana2
('1°UNIDAD','CAPITULO II','Estructuras secuenciales','02','NO','C001','','0'),
('1°UNIDAD','CAPITULO II','Estructuras selectivas: Sintaxis y semántica.','02','NO','C001','','0'),
('1°UNIDAD','CAPITULO II','Selección: simple, compuesta y múltiple.','01','NO','C001','','0'),--semana3
('1°UNIDAD','CAPITULO II','Selectivas anidadas.','02','NO','C001','','0'),
('1°UNIDAD','CAPITULO II','Estructuras repetitivas: Sintaxis y semántica.','02','NO','C001','','0'),
('1°UNIDAD','CAPITULO II','Sentencias repetitivas anidadas','01','NO','C001','','0'),--semana4
('1°UNIDAD','---------','Examen Parcial','02','NO','C001','','0'),
('1°UNIDAD','---------','Revision Examen Parcial I','02','NO','C001','','0'),
('1°UNIDAD','---------','Entrega de Notas','01','NO','C001','','0'),--semana5
--2° parcial
('2°UNIDAD','CAPITULO III','Programación estructurada','02','NO','C001','','0'),
('2°UNIDAD','CAPITULO III','Programación modular','02','NO','C001','','0'),
('2°UNIDAD','CAPITULO III','Criterios de descomposición modular.','01','NO','C001','','0'),--semana6
('2°UNIDAD','CAPITULO IV','Subprogramas','02','NO','C001','','0'),
('2°UNIDAD','CAPITULO IV','Correspondencia de parámetros','02','NO','C001','','0'),
('2°UNIDAD','CAPITULO IV','Funciones','01','NO','C001','','0'),--semana7
('2°UNIDAD','CAPITULO IV','Correspondencia de parámetros','02','NO','C001','','0'),
('2°UNIDAD','CAPITULO IV','Procesos de gestión','02','NO','C001','','0'),
('2°UNIDAD','CAPITULO IV','Áreas de conocimiento','01','NO','C001','','0'),--semana8
('2°UNIDAD','CAPITULO IV','Presentación final de proyectos','02','NO','C001','','0'), -- semana9
('2°UNIDAD','---------','Examen Parcial','02','NO','C001','','0'),
('2°UNIDAD','---------','Revision Examen Parcial I','02','NO','C001','','0'),
('2°UNIDAD','---------','Entrega de Notas','01','NO','C001','','0'),--semana10
--3° parcial
('3°UNIDAD','CAPITULO V','Estructuras de datos','02','NO','C001','','0'),
('3°UNIDAD','CAPITULO V','Conceptos. Tipos de estructuras de datos','02','NO','C001','','0'),
('3°UNIDAD','CAPITULO V','Estáticas, dinámicas','01','NO','C001','','0'),--semana11
('3°UNIDAD','CAPITULO V',' Arreglos unidimensionales,','02','NO','C001','','0'),
('3°UNIDAD','CAPITULO V','implementación en PYTHON léxico y sintaxis','02','NO','C001','','0'),
('3°UNIDAD','CAPITULO V','arreglos paralelos','01','NO','C001','','0'),--semana12
('3°UNIDAD','CAPITULO V','ordenación (sort)','02','NO','C001','','0'),
('3°UNIDAD','CAPITULO V','Arreglos bidimensionales','02','NO','C001','','0'),
('3°UNIDAD','CAPITULO V','Arreglos multidimensionales.','01','NO','C001','','0'),--semana13
('3°UNIDAD','---------','Examen Parcial','02','NO','C001','','0'),
('3°UNIDAD','---------','Revision Examen Parcial I','02','NO','C001','','0'),
('3°UNIDAD','---------','Entrega de Notas','01','NO','C001','','0'),--semana15
-- 
-- C002 -> FUNDAMENTOS DE PROGRAMACION - GRUPO B (Prof. Zonia)
('1°UNIDAD','INTRODUCCION','Presentacion de Silabo','02','NO','C002','','0'),
('1°UNIDAD','INTRODUCCION','Examen de entrada','02','NO','C002','','0'),
('1°UNIDAD','INTRODUCCION','Información complememtaria','01','NO','C002','','0'),--semana0
-- 1°parcial
('1°UNIDAD','CAPITULO I','Algoritmos y Programas','02','NO','C002','','0'),
('1°UNIDAD','CAPITULO I','Representación de algoritmos','02','NO','C002','','0'),
('1°UNIDAD','CAPITULO I','Operadores: Aritméticos, relación y lógicos.','01','NO','C002','','0'),--semana1
('1°UNIDAD','CAPITULO I','Tipos de instrucciones básicas','02','NO','C002','','0'),
('1°UNIDAD','CAPITULO I','Etapas en el desarrollo de programas','02','NO','C002','','0'),
('1°UNIDAD','CAPITULO II','Introducción','01','NO','C002','','0'),--semana2
('1°UNIDAD','CAPITULO II','Estructuras secuenciales','02','NO','C002','','0'),
('1°UNIDAD','CAPITULO II','Estructuras selectivas','02','NO','C002','','0'),
('1°UNIDAD','CAPITULO II','Selección: simple, compuesta y múltiple.','01','NO','C002','','0'),--semana3
('1°UNIDAD','CAPITULO II','Selectivas anidadas.','02','NO','C002','','0'),
('1°UNIDAD','CAPITULO II','Estructuras repetitivas: Sintaxis y semántica.','02','NO','C002','','0'),
('1°UNIDAD','CAPITULO II','Sentencias repetitivas anidadas.','01','NO','C002','','0'),--semana4
('1°UNIDAD','---------','Examen Parcial','02','NO','C002','','0'),
('1°UNIDAD','---------','Revision Examen Parcial I','02','NO','C002','','0'),
('1°UNIDAD','---------','Entrega de Notas','01','NO','C002','','0'),--semana5
--2° parcial
('2°UNIDAD','CAPITULO III','Programación estructurada','02','NO','C002','','0'),
('2°UNIDAD','CAPITULO III','Programación modular','02','NO','C002','','0'),
('2°UNIDAD','CAPITULO III','Criterios de descomposición modular','01','NO','C002','','0'),--semana6
('2°UNIDAD','CAPITULO IV','Subprogramas','02','NO','C002','','0'),
('2°UNIDAD','CAPITULO IV','Correspondencia de parámetros','02','NO','C002','','0'),
('2°UNIDAD','CAPITULO IV','Funciones','01','NO','C002','','0'),--semana7
('2°UNIDAD','CAPITULO IV','Correspondencia de parámetros','02','NO','C002','','0'),
('2°UNIDAD','CAPITULO IV','Procesos de gestión','02','NO','C002','','0'),
('2°UNIDAD','CAPITULO IV','Áreas de conocimiento','01','NO','C002','','0'),--semana8
('2°UNIDAD','CAPITULO IV','Presentación final de proyectos','02','NO','C002','','0'), -- semana9
('2°UNIDAD','---------','Examen Parcial','02','NO','C002','','0'),
('2°UNIDAD','---------','Revision Examen Parcial I','02','NO','C002','','0'),
('2°UNIDAD','---------','Entrega de Notas','01','NO','C002','','0'),--semana10
--3° parcial
('3°UNIDAD','CAPITULO V','Estructuras de datos','02','NO','C002','','0'),
('3°UNIDAD','CAPITULO V','Conceptos. Tipos de estructuras de datos','02','NO','C002','','0'),
('3°UNIDAD','CAPITULO V','Estáticas, dinámicas','01','NO','C002','','0'),--semana11
('3°UNIDAD','CAPITULO V',' Arreglos unidimensionales,','02','NO','C002','','0'),
('3°UNIDAD','CAPITULO V','implementación en PYTHON léxico y sintaxis','02','NO','C002','','0'),
('3°UNIDAD','CAPITULO V','arreglos paralelos','01','NO','C002','','0'),--semana12
('3°UNIDAD','CAPITULO V','ordenación (sort)','02','NO','C002','','0'),
('3°UNIDAD','CAPITULO V','Arreglos bidimensionales','02','NO','C002','','0'),
('3°UNIDAD','CAPITULO V','Arreglos multidimensionales.','01','NO','C002','','0'),--semana13
('3°UNIDAD','---------','Examen Parcial','02','NO','C002','','0'),
('3°UNIDAD','---------','Revision Examen Parcial I','02','NO','C002','','0'),
('3°UNIDAD','---------','Entrega de Notas','01','NO','C002','','0'),--semana15
--
-- C003 -> MODELOS PROBABILISTICOS - GRUPO A (PROF. LAURO)
('1°UNIDAD','INTRODUCCION','Presentacion de Silabo','02','NO','C003','','0'),
('1°UNIDAD','INTRODUCCION','Examen de entrada','02','NO','C003','','0'),
('1°UNIDAD','INTRODUCCION','Información complementaria','01','NO','C003','','0'),--semana0
-- 1°parcial
('1°UNIDAD','CAPITULO 1','Informacion','02','NO','C003','','0'),
('1°UNIDAD','CAPITULO 1','Uso de LATEX Y Uso de Lenguaje R','02','NO','C003','','0'),
('1°UNIDAD','CAPITULO 1','Laboratorio 1','01','NO','C003','','0'),--semana1
('1°UNIDAD','CAPITULO 1','Introduccion a la teoria de probabilidades','02','NO','C003','','0'),
('1°UNIDAD','CAPITULO 1','Probabilidades definidas en eventos','02','NO','C003','','0'),
('1°UNIDAD','CAPITULO 1','Probabilidades condicionales','01','NO','C003','','0'),--semana2
('1°UNIDAD','CAPITULO 1','Eventos independientes','02','NO','C003','','0'),
('1°UNIDAD','CAPITULO 1','Teorema de bayes','02','NO','C003','','0'),
('1°UNIDAD','CAPITULO 1','Variables aleatorias','01','NO','C003','','0'),--semana3
('1°UNIDAD','CAPITULO 1','Variables aleatorias discretas','02','NO','C003','','0'),
('1°UNIDAD','CAPITULO 1','Variables Aleatorias continuas','02','NO','C003','','0'),
('1°UNIDAD','CAPITULO 1','Esperanza de variables aleatorias','01','NO','C003','','0'),
('1°UNIDAD','CAPITULO 1','Variables aleatorias distribuidas conjuntas','01','NO','C003','','0'),
('1°UNIDAD','CAPITULO 1','Covarianza y varianza de variables aleatorias','01','NO','C003','','0'),
('1°UNIDAD','CAPITULO 1','Funcion generadora de momentos','01','NO','C003','','0'),
('1°UNIDAD','CAPITULO 1','Teorema del limite central','01','NO','C003','','0'),
('1°UNIDAD','CAPITULO 1','Funcionaes generadoras de momentos','01','NO','C003','','0'),
('1°UNIDAD','CAPITULO 1','Aprendizaje estadistico','01','NO','C003','','0'),
('1°UNIDAD','CAPITULO 1','Aprendizaje supervisado y no supervisado','01','NO','C003','','0'),
('1°UNIDAD','CAPITULO 1','Regresion vs problemas de clasificacion','01','NO','C003','','0'),
('1°UNIDAD','CAPITULO 1','Laboratorio 2','01','NO','C003','','0'),
('1°UNIDAD','CAPITULO 1','Regresion lineal','01','NO','C003','','0'),
('1°UNIDAD','CAPITULO 1','Regresion lineal simple y multiple','01','NO','C003','','0'),
('1°UNIDAD','CAPITULO 1','Consideraciones del modelo lineal','01','NO','C003','','0'),
('1°UNIDAD','CAPITULO 1','Comparaciones del modelo lineal y K-NN','01','NO','C003','','0'),
('1°UNIDAD','CAPITULO 1','Laboratorio 3','01','NO','C003','','0'),
('1°UNIDAD','CAPITULO 1','Clasificacion','01','NO','C003','','0'),
('1°UNIDAD','CAPITULO 1','Regresion logistica','01','NO','C003','','0'),
('1°UNIDAD','CAPITULO 1','Analisis lineal del discriminante','01','NO','C003','','0'),
('1°UNIDAD','CAPITULO 1','Comparacion de metodos de clasificacion','01','NO','C003','','0'),
('1°UNIDAD','CAPITULO 1','Laboratorio 4','01','NO','C003','','0'),--semana4
('1°UNIDAD','---------','Examen Parcial','02','NO','C003','','0'),
('1°UNIDAD','---------','Revision Examen Parcial I','02','NO','C003','','0'),
('1°UNIDAD','---------','Entrega de Notas','01','NO','C003','','0'),--semana5
--2° parcial
('2°UNIDAD','CAPITULO 2','Probabilidad y esperanza condicional','02','NO','C003','','0'),
('2°UNIDAD','CAPITULO 2','Caso discreto y continuo','02','NO','C003','','0'),
('2°UNIDAD','CAPITULO 2','Calculo de esperanza condicional','01','NO','C003','','0'),--semana6
('2°UNIDAD','CAPITULO 2','Calculo de varianzas bajo condicion','02','NO','C003','','0'),
('2°UNIDAD','CAPITULO 2','Calculo de probabilidades bajo condicion','02','NO','C003','','0'),
('2°UNIDAD','CAPITULO 2','Grafo aleatorio','01','NO','C003','','0'),--semana7
('2°UNIDAD','CAPITULO 2','Identidad para variables aleatorias','02','NO','C003','','0'),
('2°UNIDAD','CAPITULO 2','Cadenas de Markov','02','NO','C003','','0'),
('2°UNIDAD','CAPITULO 2','Definicion','01','NO','C003','','0'),--semana8
('2°UNIDAD','CAPITULO 2','Ecuacion de chapman kolmogorov','02','NO','C003','','0'),
('2°UNIDAD','CAPITULO 2','Clasificacion de estados','02','NO','C003','','0'),
('2°UNIDAD','CAPITULO 2','Metodos de remuestro','01','NO','C003','','0'),
('2°UNIDAD','CAPITULO 2','Validacion cruzada','01','NO','C003','','0'),
('2°UNIDAD','CAPITULO 2','Bootstrap','01','NO','C003','','0'),
('2°UNIDAD','CAPITULO 2','Laboratorio 5','01','NO','C003','','0'),
('2°UNIDAD','CAPITULO 2','Seleccion de modelos lineales y regularizacion','01','NO','C003','','0'),
('2°UNIDAD','CAPITULO 2','Seleccion de un subconjunto','01','NO','C003','','0'),
('2°UNIDAD','CAPITULO 2','Metodo de reduccion','01','NO','C003','','0'),
('2°UNIDAD','CAPITULO 2','Dimension de los metodos de reduccion','01','NO','C003','','0'),
('2°UNIDAD','CAPITULO 2','Consideraciones en dimensiones grandes','01','NO','C003','','0'),
('2°UNIDAD','CAPITULO 2','Laboratorio 6','01','NO','C003','','0'),
('2°UNIDAD','CAPITULO 2','Linealidad con movimiento','01','NO','C003','','0'),
('2°UNIDAD','CAPITULO 2','Regresion polinomial','01','NO','C003','','0'),
('2°UNIDAD','CAPITULO 2','Regresion Spline','01','NO','C003','','0'),
('2°UNIDAD','CAPITULO 2','Regresion local','01','NO','C003','','0'),
('2°UNIDAD','CAPITULO 2','Modelos aditivos generalizados','01','NO','C003','','0'),
('2°UNIDAD','CAPITULO 2','Laboratorio 7','01','NO','C003','','0'),--semana9
('2°UNIDAD','---------','Examen Parcial','02','NO','C003','','0'),
('2°UNIDAD','---------','Revision Examen Parcial I','02','NO','C003','','0'),
('2°UNIDAD','---------','Entrega de Notas','01','NO','C003','','0'),--semana10
--3° parcial
('3°UNIDAD','CAPITULO 3','Introduccion a procesos estadisticos','02','NO','C003','','0'),
('3°UNIDAD','CAPITULO 3','Cadenas de Markov y Montecarlo','02','NO','C003','','0'),
('3°UNIDAD','CAPITULO 3','Cadenas de Markov ocultas','01','NO','C003','','0'),--semana11
('3°UNIDAD','CAPITULO 3','Prediccion de estados','02','NO','C003','','0'),
('3°UNIDAD','CAPITULO 3','Cadenas de Markov continuas','02','NO','C003','','0'),
('3°UNIDAD','CAPITULO 3','Funciones de transicion de probabilidades','01','NO','C003','','0'),--semana12
('3°UNIDAD','CAPITULO 3','Probabilidades limites','02','NO','C003','','0'),
('3°UNIDAD','CAPITULO 3','Metodos basados en arboles','02','NO','C003','','0'),
('3°UNIDAD','CAPITULO 3','Arboles de decision','01','NO','C003','','0'),--semana13
('3°UNIDAD','CAPITULO 3','Bagging random forest y Boosting','02','NO','C003','','0'),
('3°UNIDAD','CAPITULO 3','Laboratorio 8','02','NO','C003','','0'),
('3°UNIDAD','CAPITULO 3','Maquinas vectoriales de soporte','01','NO','C003','','0'),
('3°UNIDAD','CAPITULO 3','Clasificacion del margen maximo','01','NO','C003','','0'),
('3°UNIDAD','CAPITULO 3','Clasificadores vectoriales de soporte','01','NO','C003','','0'),
('3°UNIDAD','CAPITULO 3','Maquinas de soporte vectorial','01','NO','C003','','0'),
('3°UNIDAD','CAPITULO 3','SVM con mas de 2 clases','01','NO','C003','','0'),
('3°UNIDAD','CAPITULO 3','Laboratorio 9','01','NO','C003','','0'),
('3°UNIDAD','CAPITULO 3','Aprendizaje No Supervisado','01','NO','C003','','0'),
('3°UNIDAD','CAPITULO 3','Analisis del componente Principal','01','NO','C003','','0'),
('3°UNIDAD','CAPITULO 3','Metodos de clustering','01','NO','C003','','0'),
('3°UNIDAD','CAPITULO 3','Laboratorio 10','01','NO','C003','','0'),--semana14
('3°UNIDAD','---------','Examen Parcial','02','NO','C003','','0'),
('3°UNIDAD','---------','Revision Examen Parcial I','02','NO','C003','','0'),
('3°UNIDAD','---------','Entrega de Notas','01','NO','C003','','0'),
--
-- COO4 -> MODELOS PROBABILISTICOS - GRUPO B (PROF. LAURO)
('1°UNIDAD','INTRODUCCION','Presentacion de Silabo','02','NO','C004','','0'),
('1°UNIDAD','INTRODUCCION','Examen de entrada','02','NO','C004','','0'),
('1°UNIDAD','INTRODUCCION','Información complementaria','01','NO','C004','','0'),--semana0
-- 1°parcial
('1°UNIDAD','CAPITULO 1','Informacion','02','NO','C004','','0'),
('1°UNIDAD','CAPITULO 1','Uso de LATEX Y Uso de Lenguaje R','02','NO','C004','','0'),
('1°UNIDAD','CAPITULO 1','Laboratorio 1','01','NO','C004','','0'),--semana1
('1°UNIDAD','CAPITULO 1','Introduccion a la teoria de probabilidades','02','NO','C004','','0'),
('1°UNIDAD','CAPITULO 1','Probabilidades definidas en eventos','02','NO','C004','','0'),
('1°UNIDAD','CAPITULO 1','Probabilidades condicionales','01','NO','C004','','0'),--semana2
('1°UNIDAD','CAPITULO 1','Eventos independientes','02','NO','C004','','0'),
('1°UNIDAD','CAPITULO 1','Teorema de bayes','02','NO','C004','','0'),
('1°UNIDAD','CAPITULO 1','Variables aleatorias','01','NO','C004','','0'),--semana3
('1°UNIDAD','CAPITULO 1','Variables aleatorias discretas','02','NO','C004','','0'),
('1°UNIDAD','CAPITULO 1','Variables Aleatorias continuas','02','NO','C004','','0'),
('1°UNIDAD','CAPITULO 1','Esperanza de variables aleatorias','01','NO','C004','','0'),
('1°UNIDAD','CAPITULO 1','Variables aleatorias distribuidas conjuntas','01','NO','C004','','0'),
('1°UNIDAD','CAPITULO 1','Covarianza y varianza de variables aleatorias','01','NO','C004','','0'),
('1°UNIDAD','CAPITULO 1','Funcion generadora de momentos','01','NO','C004','','0'),
('1°UNIDAD','CAPITULO 1','Teorema del limite central','01','NO','C004','','0'),
('1°UNIDAD','CAPITULO 1','Funcionaes generadoras de momentos','01','NO','C004','','0'),
('1°UNIDAD','CAPITULO 1','Aprendizaje estadistico','01','NO','C004','','0'),
('1°UNIDAD','CAPITULO 1','Aprendizaje supervisado y no supervisado','01','NO','C004','','0'),
('1°UNIDAD','CAPITULO 1','Regresion vs problemas de clasificacion','01','NO','C004','','0'),
('1°UNIDAD','CAPITULO 1','Laboratorio 2','01','NO','C004','','0'),
('1°UNIDAD','CAPITULO 1','Regresion lineal','01','NO','C004','','0'),
('1°UNIDAD','CAPITULO 1','Regresion lineal simple y multiple','01','NO','C004','','0'),
('1°UNIDAD','CAPITULO 1','Consideraciones del modelo lineal','01','NO','C004','','0'),
('1°UNIDAD','CAPITULO 1','Comparaciones del modelo lineal y K-NN','01','NO','C004','','0'),
('1°UNIDAD','CAPITULO 1','Laboratorio 3','01','NO','C004','','0'),
('1°UNIDAD','CAPITULO 1','Clasificacion','01','NO','C004','','0'),
('1°UNIDAD','CAPITULO 1','Regresion logistica','01','NO','C004','','0'),
('1°UNIDAD','CAPITULO 1','Analisis lineal del discriminante','01','NO','C004','','0'),
('1°UNIDAD','CAPITULO 1','Comparacion de metodos de clasificacion','01','NO','C004','','0'),
('1°UNIDAD','CAPITULO 1','Laboratorio 4','01','NO','C004','','0'),--semana4
('1°UNIDAD','---------','Examen Parcial','02','NO','C004','','0'),
('1°UNIDAD','---------','Revision Examen Parcial I','02','NO','C004','','0'),
('1°UNIDAD','---------','Entrega de Notas','01','NO','C004','','0'),--semana5
--2° parcial
('2°UNIDAD','CAPITULO 2','Probabilidad y esperanza condicional','02','NO','C004','','0'),
('2°UNIDAD','CAPITULO 2','Caso discreto y continuo','02','NO','C004','','0'),
('2°UNIDAD','CAPITULO 2','Calculo de esperanza condicional','01','NO','C004','','0'),--semana6
('2°UNIDAD','CAPITULO 2','Calculo de varianzas bajo condicion','02','NO','C004','','0'),
('2°UNIDAD','CAPITULO 2','Calculo de probabilidades bajo condicion','02','NO','C004','','0'),
('2°UNIDAD','CAPITULO 2','Grafo aleatorio','01','NO','C004','','0'),--semana7
('2°UNIDAD','CAPITULO 2','Identidad para variables aleatorias','02','NO','C004','','0'),
('2°UNIDAD','CAPITULO 2','Cadenas de Markov','02','NO','C004','','0'),
('2°UNIDAD','CAPITULO 2','Definicion','01','NO','C004','','0'),--semana8
('2°UNIDAD','CAPITULO 2','Ecuacion de chapman kolmogorov','02','NO','C004','','0'),
('2°UNIDAD','CAPITULO 2','Clasificacion de estados','02','NO','C004','','0'),
('2°UNIDAD','CAPITULO 2','Metodos de remuestro','01','NO','C004','','0'),
('2°UNIDAD','CAPITULO 2','Validacion cruzada','01','NO','C004','','0'),
('2°UNIDAD','CAPITULO 2','Bootstrap','01','NO','C004','','0'),
('2°UNIDAD','CAPITULO 2','Laboratorio 5','01','NO','C004','','0'),
('2°UNIDAD','CAPITULO 2','Seleccion de modelos lineales y regularizacion','01','NO','C004','','0'),
('2°UNIDAD','CAPITULO 2','Seleccion de un subconjunto','01','NO','C004','','0'),
('2°UNIDAD','CAPITULO 2','Metodo de reduccion','01','NO','C004','','0'),
('2°UNIDAD','CAPITULO 2','Dimension de los metodos de reduccion','01','NO','C004','','0'),
('2°UNIDAD','CAPITULO 2','Consideraciones en dimensiones grandes','01','NO','C004','','0'),
('2°UNIDAD','CAPITULO 2','Laboratorio 6','01','NO','C004','','0'),
('2°UNIDAD','CAPITULO 2','Linealidad con movimiento','01','NO','C004','','0'),
('2°UNIDAD','CAPITULO 2','Regresion polinomial','01','NO','C004','','0'),
('2°UNIDAD','CAPITULO 2','Regresion Spline','01','NO','C004','','0'),
('2°UNIDAD','CAPITULO 2','Regresion local','01','NO','C004','','0'),
('2°UNIDAD','CAPITULO 2','Modelos aditivos generalizados','01','NO','C004','','0'),
('2°UNIDAD','CAPITULO 2','Laboratorio 7','01','NO','C004','','0'),--semana9
('2°UNIDAD','---------','Examen Parcial','02','NO','C004','','0'),
('2°UNIDAD','---------','Revision Examen Parcial I','02','NO','C004','','0'),
('2°UNIDAD','---------','Entrega de Notas','01','NO','C004','','0'),--semana10
--3° parcial
('3°UNIDAD','CAPITULO 3','Introduccion a procesos estadisticos','02','NO','C004','','0'),
('3°UNIDAD','CAPITULO 3','Cadenas de Markov y Montecarlo','02','NO','C004','','0'),
('3°UNIDAD','CAPITULO 3','Cadenas de Markov ocultas','01','NO','C004','','0'),--semana11
('3°UNIDAD','CAPITULO 3','Prediccion de estados','02','NO','C004','','0'),
('3°UNIDAD','CAPITULO 3','Cadenas de Markov continuas','02','NO','C004','','0'),
('3°UNIDAD','CAPITULO 3','Funciones de transicion de probabilidades','01','NO','C004','','0'),--semana12
('3°UNIDAD','CAPITULO 3','Probabilidades limites','02','NO','C004','','0'),
('3°UNIDAD','CAPITULO 3','Metodos basados en arboles','02','NO','C004','','0'),
('3°UNIDAD','CAPITULO 3','Arboles de decision','01','NO','C004','','0'),--semana13
('3°UNIDAD','CAPITULO 3','Bagging random forest y Boosting','02','NO','C004','','0'),
('3°UNIDAD','CAPITULO 3','Laboratorio 8','02','NO','C004','','0'),
('3°UNIDAD','CAPITULO 3','Maquinas vectoriales de soporte','01','NO','C004','','0'),
('3°UNIDAD','CAPITULO 3','Clasificacion del margen maximo','01','NO','C004','','0'),
('3°UNIDAD','CAPITULO 3','Clasificadores vectoriales de soporte','01','NO','C004','','0'),
('3°UNIDAD','CAPITULO 3','Maquinas de soporte vectorial','01','NO','C004','','0'),
('3°UNIDAD','CAPITULO 3','SVM con mas de 2 clases','01','NO','C004','','0'),
('3°UNIDAD','CAPITULO 3','Laboratorio 9','01','NO','C004','','0'),
('3°UNIDAD','CAPITULO 3','Aprendizaje No Supervisado','01','NO','C004','','0'),
('3°UNIDAD','CAPITULO 3','Analisis del componente Principal','01','NO','C004','','0'),
('3°UNIDAD','CAPITULO 3','Metodos de clustering','01','NO','C004','','0'),
('3°UNIDAD','CAPITULO 3','Laboratorio 10','01','NO','C004','','0'),--semana14
('3°UNIDAD','---------','Examen Parcial','02','NO','C004','','0'),
('3°UNIDAD','---------','Revision Examen Parcial I','02','NO','C004','','0'),
('3°UNIDAD','---------','Entrega de Notas','01','NO','C004','','0'),
--
-- C005 -> METODOLOGIA DE DESARROLLO DE SOFTWARE - GRUPO A (PROF. WALDO IBARRA)
('1°UNIDAD','Capitulo0','Presentacion de Silabo','02','NO','C005','','0'),
('1°UNIDAD','Capitulo0','Examen de entrada','02','NO','C005','','0'),
('1°UNIDAD','Capitulo0','Información complememtaria','01','NO','C005','','0'),--semana0
-- 1°parcial
('1°UNIDAD','Capitulo1','Tema1_1_Teoria','02','NO','C005','','0'),
('1°UNIDAD','Capitulo1','Tema1_1_Laboratorio','02','NO','C005','','0'),
('1°UNIDAD','Capitulo1','Tema1_2_Teoria_1','01','NO','C005','','0'),--semana1
('1°UNIDAD','Capitulo1','Tema1_2_Teoria_2','02','NO','C005','','0'),
('1°UNIDAD','Capitulo1','Tema1_2_Laboratorio','02','NO','C005','','0'),
('1°UNIDAD','Capitulo1','Repaso Capitulo1','01','NO','C005','','0'),--semana2
('1°UNIDAD','Capitulo2','Tema2_1_Teoria_2','02','NO','C005','','0'),
('1°UNIDAD','Capitulo2','Tema2_1_Laboratorio','02','NO','C005','','0'),
('1°UNIDAD','Capitulo2','Tema2_2_Teoria_1','01','NO','C005','','0'),--semana3
('1°UNIDAD','Capitulo2','Tema2_2_Teoria_2','02','NO','C005','','0'),
('1°UNIDAD','Capitulo2','Tema2_2_Laboratorio','02','NO','C005','','0'),
('1°UNIDAD','Capitulo2','Repaso Capitulo2','01','NO','C005','','0'),--semana4
('1°UNIDAD','---------','Examen Parcial','02','NO','C005','','0'),
('1°UNIDAD','---------','Revision Examen Parcial I','02','NO','C005','','0'),
('1°UNIDAD','---------','Entrega de Notas','01','NO','C005','','0'),--semana5
--2° parcial
('2°UNIDAD','Capitulo3','Tema3_1_Teoria','02','NO','C005','','0'),
('2°UNIDAD','Capitulo3','Tema3_1_Laboratorio','02','NO','C005','','0'),
('2°UNIDAD','Capitulo3','Tema3_2_Teoria_1','01','NO','C005','','0'),--semana6
('2°UNIDAD','Capitulo3','Tema3_2_Teoria_2','02','NO','C005','','0'),
('2°UNIDAD','Capitulo3','Tema3_2_Laboratorio','02','NO','C005','','0'),
('2°UNIDAD','Capitulo3','Repaso Capitulo3','01','NO','C005','','0'),--semana7
('2°UNIDAD','Capitulo4','Tema4_1_Teoria_2','02','NO','C005','','0'),
('2°UNIDAD','Capitulo4','Tema4_1_Laboratorio','02','NO','C005','','0'),
('2°UNIDAD','Capitulo4','Tema4_2_Teoria_1','01','NO','C005','','0'),--semana8
('2°UNIDAD','Capitulo4','Tema4_2_Teoria_2','02','NO','C005','','0'),
('2°UNIDAD','Capitulo4','Tema4_2_Laboratorio','02','NO','C005','','0'),
('2°UNIDAD','Capitulo4','Repaso','01','NO','C005','','0'),--semana9
('2°UNIDAD','---------','Examen Parcial','02','NO','C005','','0'),
('2°UNIDAD','---------','Revision Examen Parcial I','02','NO','C005','','0'),
('2°UNIDAD','---------','Entrega de Notas','01','NO','C005','','0'),--semana10
--3° parcial
('3°UNIDAD','Capitulo5','Tema5_1_Teoria','02','NO','C005','','0'),
('3°UNIDAD','Capitulo5','Tema5_1_Laboratorio','02','NO','C005','','0'),
('3°UNIDAD','Capitulo5','Tema5_2_Teoria_1','01','NO','C005','','0'),--semana11
('3°UNIDAD','Capitulo5','Tema5_2_Teoria_2','02','NO','C005','','0'),
('3°UNIDAD','Capitulo5','Tema5_2_Laboratorio','02','NO','C005','','0'),
('3°UNIDAD','Capitulo5','Repaso Capitulo5','01','NO','C005','','0'),--semana12
('3°UNIDAD','Capitulo6','Tema6_1_Teoria_2','02','NO','C005','','0'),
('3°UNIDAD','Capitulo6','Tema6_1_Laboratorio','02','NO','C005','','0'),
('3°UNIDAD','Capitulo6','Tema6_2_Teoria_1','01','NO','C005','','0'),--semana13
('3°UNIDAD','Capitulo6','Tema6_2_Teoria_2','02','NO','C005','','0'),
('3°UNIDAD','Capitulo6','Tema6_2_Laboratorio','02','NO','C005','','0'),
('3°UNIDAD','Capitulo6','Repaso Capitulo6','01','NO','C005','','0'),--semana14
('3°UNIDAD','---------','Examen Parcial','02','NO','C005','','0'),
('3°UNIDAD','---------','Revision Examen Parcial I','02','NO','C005','','0'),
('3°UNIDAD','---------','Entrega de Notas','01','NO','C005','','0'),
--
-- METODOLOGIA DE DESAROLLO DE SOFTWARE - GRUPO B (PROF. WALDO IBARRA)
('1°UNIDAD','Capitulo0','Presentacion de Silabo','02','NO','C006','','0'),
('1°UNIDAD','Capitulo0','Examen de entrada','02','NO','C006','','0'),
('1°UNIDAD','Capitulo0','Información complememtaria','01','NO','C006','','0'),--semana0
-- 1°parcial
('1°UNIDAD','Capitulo1','Tema1_1_Teoria','02','NO','C006','','0'),
('1°UNIDAD','Capitulo1','Tema1_1_Laboratorio','02','NO','C006','','0'),
('1°UNIDAD','Capitulo1','Tema1_2_Teoria_1','01','NO','C006','','0'),--semana1
('1°UNIDAD','Capitulo1','Tema1_2_Teoria_2','02','NO','C006','','0'),
('1°UNIDAD','Capitulo1','Tema1_2_Laboratorio','02','NO','C006','','0'),
('1°UNIDAD','Capitulo1','Repaso Capitulo1','01','NO','C006','','0'),--semana2
('1°UNIDAD','Capitulo2','Tema2_1_Teoria_2','02','NO','C006','','0'),
('1°UNIDAD','Capitulo2','Tema2_1_Laboratorio','02','NO','C006','','0'),
('1°UNIDAD','Capitulo2','Tema2_2_Teoria_1','01','NO','C006','','0'),--semana3
('1°UNIDAD','Capitulo2','Tema2_2_Teoria_2','02','NO','C006','','0'),
('1°UNIDAD','Capitulo2','Tema2_2_Laboratorio','02','NO','C006','','0'),
('1°UNIDAD','Capitulo2','Repaso Capitulo2','01','NO','C006','','0'),--semana4
('1°UNIDAD','---------','Examen Parcial','02','NO','C006','','0'),
('1°UNIDAD','---------','Revision Examen Parcial I','02','NO','C006','','0'),
('1°UNIDAD','---------','Entrega de Notas','01','NO','C006','','0'),--semana5
--2° parcial
('2°UNIDAD','Capitulo3','Tema3_1_Teoria','02','NO','C006','','0'),
('2°UNIDAD','Capitulo3','Tema3_1_Laboratorio','02','NO','C006','','0'),
('2°UNIDAD','Capitulo3','Tema3_2_Teoria_1','01','NO','C006','','0'),--semana6
('2°UNIDAD','Capitulo3','Tema3_2_Teoria_2','02','NO','C006','','0'),
('2°UNIDAD','Capitulo3','Tema3_2_Laboratorio','02','NO','C006','','0'),
('2°UNIDAD','Capitulo3','Repaso Capitulo3','01','NO','C006','','0'),--semana7
('2°UNIDAD','Capitulo4','Tema4_1_Teoria_2','02','NO','C006','','0'),
('2°UNIDAD','Capitulo4','Tema4_1_Laboratorio','02','NO','C006','','0'),
('2°UNIDAD','Capitulo4','Tema4_2_Teoria_1','01','NO','C006','','0'),--semana8
('2°UNIDAD','Capitulo4','Tema4_2_Teoria_2','02','NO','C006','','0'),
('2°UNIDAD','Capitulo4','Tema4_2_Laboratorio','02','NO','C006','','0'),
('2°UNIDAD','Capitulo4','Repaso','01','NO','C006','','0'),--semana9
('2°UNIDAD','---------','Examen Parcial','02','NO','C006','','0'),
('2°UNIDAD','---------','Revision Examen Parcial I','02','NO','C006','','0'),
('2°UNIDAD','---------','Entrega de Notas','01','NO','C006','','0'),--semana10
--3° parcial
('3°UNIDAD','Capitulo5','Tema5_1_Teoria','02','NO','C006','','0'),
('3°UNIDAD','Capitulo5','Tema5_1_Laboratorio','02','NO','C006','','0'),
('3°UNIDAD','Capitulo5','Tema5_2_Teoria_1','01','NO','C006','','0'),--semana11
('3°UNIDAD','Capitulo5','Tema5_2_Teoria_2','02','NO','C006','','0'),
('3°UNIDAD','Capitulo5','Tema5_2_Laboratorio','02','NO','C006','','0'),
('3°UNIDAD','Capitulo5','Repaso Capitulo5','01','NO','C006','','0'),--semana12
('3°UNIDAD','Capitulo6','Tema6_1_Teoria_2','02','NO','C006','','0'),
('3°UNIDAD','Capitulo6','Tema6_1_Laboratorio','02','NO','C006','','0'),
('3°UNIDAD','Capitulo6','Tema6_2_Teoria_1','01','NO','C006','','0'),--semana13
('3°UNIDAD','Capitulo6','Tema6_2_Teoria_2','02','NO','C006','','0'),
('3°UNIDAD','Capitulo6','Tema6_2_Laboratorio','02','NO','C006','','0'),
('3°UNIDAD','Capitulo6','Repaso Capitulo6','01','NO','C006','','0'),--semana14
('3°UNIDAD','---------','Examen Parcial','02','NO','C006','','0'),
('3°UNIDAD','---------','Revision Examen Parcial I','02','NO','C006','','0'),
('3°UNIDAD','---------','Entrega de Notas','01','NO','C006','','0'),
--
-- C007 -> FUNDAMENTOS Y DISENIO DE BASES DE DATOS - GRUPO A (PROF. ROBERT ALZAMORA)
('1°UNIDAD','INTRODUCCION','Presentacion de Silabo','02','NO','C007','','0'),
('1°UNIDAD','INTRODUCCION','Examen de entrada','02','NO','C007','','0'),
('1°UNIDAD','INTRODUCCION','Información complememtaria','01','NO','C007','','0'),--semana0
-- 1°parcial
('1°UNIDAD','CAPITULO I','Datos. Informacion. Sistemas de informacion','02','NO','C007','','0'),
('1°UNIDAD','CAPITULO I','Sistemas de informacion orientados a los archivos','02','NO','C007','','0'),
('1°UNIDAD','CAPITULO I','Sistemas de informacion orientados a los datos','01','NO','C007','','0'),--semana1
('1°UNIDAD','CAPITULO I','Sistemas de base de datos','02','NO','C007','','0'),
('1°UNIDAD','CAPITULO I','Componentes de sistemas de base de datos','02','NO','C007','','0'),
('1°UNIDAD','CAPITULO I','Base de datos. Componentes.','01','NO','C007','','0'),--semana2
('1°UNIDAD','CAPITULO I','Componentes y funciones de los sistemas de gestion de base de datos','02','NO','C007','','0'),
('1°UNIDAD','CAPITULO II','Modelos de datos','02','NO','C007','','0'),
('1°UNIDAD','CAPITULO II','Niveles de abstraccion de una base de datos','01','NO','C007','','0'),--semana3
('1°UNIDAD','CAPITULO II','Modelo conceptual, modelo logico y modelo fisico','02','NO','C007','','0'),
('1°UNIDAD','CAPITULO III','Definicion formal del modelo relacional','02','NO','C007','','0'),
('1°UNIDAD','CAPITULO III','Estructuras: Relaciones, atributos, dominios y claves','01','NO','C007','','0'),
('1°UNIDAD','CAPITULO III','Restricciones de integridad','01','NO','C007','','0'),
('1°UNIDAD','CAPITULO III','Valores nulos, integridad de entidades, integridad referencial','01','NO','C007','','0'),
('1°UNIDAD','CAPITULO III','Paso del modelo conceptual al modelo logico','01','NO','C007','','0'),
('1°UNIDAD','CAPITULO III','El modelo fisico','01','NO','C007','','0'),
('1°UNIDAD','CAPITULO III','Algebra relacional y calculo relacional','01','NO','C007','','0'),
('1°UNIDAD','CAPITULO III','Practicas de laboratorio de la unidad','01','NO','C007','','0'),
('1°UNIDAD','CAPITULO III','Lenguaje estructurado de consulta','01','NO','C007','','0'),
('1°UNIDAD','CAPITULO III','Lenguaje de definicion de datos','01','NO','C007','','0'),
('1°UNIDAD','CAPITULO III','Lenguaje de manipulacion de datos','01','NO','C007','','0'),
('1°UNIDAD','CAPITULO III','Estructura basica de las consultas SQL y funciones de agregacion','01','NO','C007','','0'),
('1°UNIDAD','CAPITULO III','Consultas simples SQL','01','NO','C007','','0'),--semana4
('1°UNIDAD','---------','Examen Parcial','02','NO','C007','','0'),
('1°UNIDAD','---------','Revision Examen Parcial I','02','NO','C007','','0'),
('1°UNIDAD','---------','Entrega de Notas','01','NO','C007','','0'),--semana5
--2° parcial
('2°UNIDAD','CAPITULO IV','Entidades y atributos','02','NO','C007','','0'),
('2°UNIDAD','CAPITULO IV','Relaciones y relaciones binarias','02','NO','C007','','0'),
('2°UNIDAD','CAPITULO IV','Diagramas entidad - relacion','01','NO','C007','','0'),--semana6
('2°UNIDAD','CAPITULO V','Notacion UML','02','NO','C007','','0'),
('2°UNIDAD','CAPITULO V','Clases y objetos','02','NO','C007','','0'),
('2°UNIDAD','CAPITULO V','Atributos y operaciones','01','NO','C007','','0'),--semana7
('2°UNIDAD','CAPITULO V','Generalizacion y herencia','02','NO','C007','','0'),
('2°UNIDAD','CAPITULO V','Agregacion','02','NO','C007','','0'),
('2°UNIDAD','CAPITULO V','Asociaciones','01','NO','C007','','0'),--semana8
('2°UNIDAD','CAPITULO V','Diagramas de clases','02','NO','C007','','0'),
('2°UNIDAD','CAPITULO V','Practicas de laboratorio de la unidad','02','NO','C007','','0'),
('2°UNIDAD','CAPITULO V','Consultas avanzadas','01','NO','C007','','0'),
('2°UNIDAD','CAPITULO V','Cursores','01','NO','C007','','0'),
('2°UNIDAD','CAPITULO V','Tablas cruzadas','01','NO','C007','','0'),--semana9
('2°UNIDAD','---------','Examen Parcial','02','NO','C007','','0'),
('2°UNIDAD','---------','Revision Examen Parcial I','02','NO','C007','','0'),
('2°UNIDAD','---------','Entrega de Notas','01','NO','C007','','0'),--semana10
--3° parcial
('3°UNIDAD','CAPITULO VI','Concepto de transaccion','02','NO','C007','','0'),
('3°UNIDAD','CAPITULO VI','Modelo de transaccion ANSI/ISO','02','NO','C007','','0'),
('3°UNIDAD','CAPITULO VI','Procesamiento de transacciones','01','NO','C007','','0'),--semana11
('3°UNIDAD','CAPITULO VI','Control de concurrencia','02','NO','C007','','0'),
('3°UNIDAD','CAPITULO VI','Sistema de recuperacion','02','NO','C007','','0'),
('3°UNIDAD','CAPITULO VII','Arquitecturas centralizadas y cliente servidor','01','NO','C007','','0'),--semana12
('3°UNIDAD','CAPITULO VII','Arquitectura paralela','02','NO','C007','','0'),
('3°UNIDAD','CAPITULO VII','Arquitectura distribuida','02','NO','C007','','0'),
('3°UNIDAD','CAPITULO VIII','Inteligencia de negocios','01','NO','C007','','0'),--semana13
('3°UNIDAD','CAPITULO VIII','Herramientas de analisis de datos','02','NO','C007','','0'),
('3°UNIDAD','CAPITULO VIII','OLAP y cubos multidimensionales','02','NO','C007','','0'),
('3°UNIDAD','CAPITULO VIII','Practicas de laboratorio de la unidad','01','NO','C007','','0'),
('3°UNIDAD','CAPITULO VIII','Implementacion de servicios de bases de datos','01','NO','C007','','0'),
('3°UNIDAD','CAPITULO VIII','Disparadores','01','NO','C007','','0'),--semana14
('3°UNIDAD','---------','Examen Parcial','02','NO','C007','','0'),
('3°UNIDAD','---------','Revision Examen Parcial I','02','NO','C007','','0'),
('3°UNIDAD','---------','Entrega de Notas','01','NO','C007','','0'),
--
-- C008 -> COMPILADORES - GRUPO A (PROF. LINO PRISCILIANO)
('1°UNIDAD','INTRODUCCION','Presentacion de Silabo','02','NO','C008','','0'),
('1°UNIDAD','INTRODUCCION','Examen de entrada','02','NO','C008','','0'),
('1°UNIDAD','INTRODUCCION','Información complementaria','01','NO','C008','','0'),--semana0
-- 1°parcial
('1°UNIDAD','CAPITULO I','Automatas finitos','02','NO','C008','','0'),
('1°UNIDAD','CAPITULO I','Expresiones regulares','02','NO','C008','','0'),
('1°UNIDAD','CAPITULO I','Analisis Lexicografico','01','NO','C008','','0'),--semana1
('1°UNIDAD','CAPITULO I','Problemas del analisis lexico','02','NO','C008','','0'),
('1°UNIDAD','CAPITULO I','Reconocimiento de tokens','02','NO','C008','','0'),
('1°UNIDAD','CAPITULO I','Analisis sintactico','01','NO','C008','','0'),--semana2
('1°UNIDAD','CAPITULO I','Analizadores sintacticos descendentes y ascendentes','02','NO','C008','','0'),
('1°UNIDAD','CAPITULO I','Gramaticas LL','02','NO','C008','','0'),
('1°UNIDAD','CAPITULO I','Analisis sintactico LL','01','NO','C008','','0'),--semana3
('1°UNIDAD','CAPITULO I','Gramaticas LR','02','NO','C008','','0'),
('1°UNIDAD','CAPITULO I','Analisis sintactico LR','02','NO','C008','','0'),
('1°UNIDAD','CAPITULO I','Verificacion estatica','01','NO','C008','','0'),
('1°UNIDAD','CAPITULO I','Gramaticas y atributos','01','NO','C008','','0'),--semana4
('1°UNIDAD','---------','Examen Parcial','02','NO','C008','','0'),
('1°UNIDAD','---------','Revision Examen Parcial I','02','NO','C008','','0'),
('1°UNIDAD','---------','Entrega de Notas','01','NO','C008','','0'),--semana5
--2° parcial
('2°UNIDAD','CAPITULO II','Metodos de optimizacion de codigo','02','NO','C008','','0'),
('2°UNIDAD','CAPITULO II','Verificacion estatica','02','NO','C008','','0'),
('2°UNIDAD','CAPITULO II','Preparacion de codigo','01','NO','C008','','0'),--semana6
('2°UNIDAD','CAPITULO II','Generacion de codigo intermedio','02','NO','C008','','0'),
('2°UNIDAD','CAPITULO II','Utilizacion de triadas','02','NO','C008','','0'),
('2°UNIDAD','CAPITULO II','Generacion de codigo objeto','01','NO','C008','','0'),--semana7
('2°UNIDAD','---------','Examen Parcial','02','NO','C008','','0'),
('2°UNIDAD','---------','Revision Examen Parcial I','02','NO','C008','','0'),
('2°UNIDAD','---------','Entrega de Notas','01','NO','C008','','0'),--semana10
--
-- C009 -> COMPILADORES - GRUPO B (PROF. LINO PRISCILIANO)
('1°UNIDAD','INTRODUCCION','Presentacion de Silabo','02','NO','C009','','0'),
('1°UNIDAD','INTRODUCCION','Examen de entrada','02','NO','C009','','0'),
('1°UNIDAD','INTRODUCCION','Información complementaria','01','NO','C009','','0'),--semana0
-- 1°parcial
('1°UNIDAD','CAPITULO I','Automatas finitos','02','NO','C009','','0'),
('1°UNIDAD','CAPITULO I','Expresiones regulares','02','NO','C009','','0'),
('1°UNIDAD','CAPITULO I','Analisis Lexicografico','01','NO','C009','','0'),--semana1
('1°UNIDAD','CAPITULO I','Problemas del analisis lexico','02','NO','C009','','0'),
('1°UNIDAD','CAPITULO I','Reconocimiento de tokens','02','NO','C009','','0'),
('1°UNIDAD','CAPITULO I','Analisis sintactico','01','NO','C009','','0'),--semana2
('1°UNIDAD','CAPITULO I','Analizadores sintacticos descendentes y ascendentes','02','NO','C009','','0'),
('1°UNIDAD','CAPITULO I','Gramaticas LL','02','NO','C009','','0'),
('1°UNIDAD','CAPITULO I','Analisis sintactico LL','01','NO','C009','','0'),--semana3
('1°UNIDAD','CAPITULO I','Gramaticas LR','02','NO','C009','','0'),
('1°UNIDAD','CAPITULO I','Analisis sintactico LR','02','NO','C009','','0'),
('1°UNIDAD','CAPITULO I','Verificacion estatica','01','NO','C009','','0'),
('1°UNIDAD','CAPITULO I','Gramaticas y atributos','01','NO','C009','','0'),--semana4
('1°UNIDAD','---------','Examen Parcial','02','NO','C009','','0'),
('1°UNIDAD','---------','Revision Examen Parcial I','02','NO','C009','','0'),
('1°UNIDAD','---------','Entrega de Notas','01','NO','C009','','0'),--semana5
--2° parcial
('2°UNIDAD','CAPITULO II','Metodos de optimizacion de codigo','02','NO','C009','','0'),
('2°UNIDAD','CAPITULO II','Verificacion estatica','02','NO','C009','','0'),
('2°UNIDAD','CAPITULO II','Preparacion de codigo','01','NO','C009','','0'),--semana6
('2°UNIDAD','CAPITULO II','Generacion de codigo intermedio','02','NO','C009','','0'),
('2°UNIDAD','CAPITULO II','Utilizacion de triadas','02','NO','C009','','0'),
('2°UNIDAD','CAPITULO II','Generacion de codigo objeto','01','NO','C009','','0'),--semana7
('2°UNIDAD','---------','Examen Parcial','02','NO','C009','','0'),
('2°UNIDAD','---------','Revision Examen Parcial I','02','NO','C009','','0'),
('2°UNIDAD','---------','Entrega de Notas','01','NO','C009','','0'),--semana10
--
-- C010 -> ING. SE SOFTWARE I - GRUPO A (PROF. ROBERT ALZAMORA)
('1°UNIDAD','INTRODUCCION','Presentacion de Silabo','02','NO','C010','','0'),
('1°UNIDAD','INTRODUCCION','Examen de entrada','02','NO','C010','','0'),
('1°UNIDAD','INTRODUCCION','Información complementaria','01','NO','C010','','0'),--semana0
-- 1°parcial
('1°UNIDAD','CAPITULO I','Conceptos generales','02','NO','C010','','0'),
('1°UNIDAD','CAPITULO I','El software y la ingenieria del software','02','NO','C010','','0'),
('1°UNIDAD','CAPITULO II','El proceso de desarrollo de software','01','NO','C010','','0'),--semana1
('1°UNIDAD','CAPITULO II','Ingenieria de requerimientos','02','NO','C010','','0'),
('1°UNIDAD','CAPITULO II','Modelado del sistema','02','NO','C010','','0'),
('1°UNIDAD','CAPITULO II','Disenio arquitectonico','01','NO','C010','','0'),--semana2
('1°UNIDAD','CAPITULO II','Disenio e implementacion','02','NO','C010','','0'),
('1°UNIDAD','CAPITULO II','Pruebas de software','02','NO','C010','','0'),
('1°UNIDAD','CAPITULO II','Verificacion y validacion','01','NO','C010','','0'),--semana3
('1°UNIDAD','CAPITULO II','Evolucion del software','02','NO','C010','','0'),
('1°UNIDAD','CAPITULO II','Laboratorio:  Ejecución del primer release','02','NO','C010','','0'),--semana4
('1°UNIDAD','-----------','Examen Parcial','02','NO','C010','','0'),
('1°UNIDAD','-----------','Revision Examen Parcial I','02','NO','C010','','0'),
('1°UNIDAD','-----------','Entrega de Notas','01','NO','C010','','0'),--semana5
--2° parcial
('2°UNIDAD','CAPITULO III','Persona (peopleware)','02','NO','C010','','0'),
('2°UNIDAD','CAPITULO III','Producto','02','NO','C010','','0'),
('2°UNIDAD','CAPITULO III','Proceso','01','NO','C010','','0'),--semana6
('2°UNIDAD','CAPITULO III','Proyecto','02','NO','C010','','0'),
('2°UNIDAD','CAPITULO IV','Planeacion de proyectos','02','NO','C010','','0'),
('2°UNIDAD','CAPITULO V','Metricas de proceso y proyecto','01','NO','C010','','0'),--semana7
('2°UNIDAD','CAPITULO VI','Estimacion para proyectos de software','02','NO','C010','','0'),
('2°UNIDAD','CAPITULO VII','Calendarizacion del proyecto','02','NO','C010','','0'),
('2°UNIDAD','CAPITULO VII','Graficos de seguimiento','01','NO','C010','','0'),--semana8
('2°UNIDAD','CAPITULO VII','Laboratorio: Ejecución del segundo release','02','NO','C010','','0'),
('2°UNIDAD','-----------','Examen Parcial','02','NO','C010','','0'),
('2°UNIDAD','-----------','Revision Examen Parcial I','02','NO','C010','','0'),
('2°UNIDAD','-----------','Entrega de Notas','01','NO','C010','','0'),--semana10
--3° parcial
('3°UNIDAD','CAPITULO VIII','Administracion del riesgo','02','NO','C010','','0'),
('3°UNIDAD','CAPITULO IX','Gestion de la calidad','02','NO','C010','','0'),
('3°UNIDAD','CAPITULO X','Administracion de la configuracion','01','NO','C010','','0'),--semana11
('3°UNIDAD','CAPITULO XI','Mejora de procesos','02','NO','C010','','0'),
('3°UNIDAD','CAPITULO XI','Laboratorio: Ejecución del tercer release del proyecto semestral','02','NO','C010','','0'),
('3°UNIDAD','---------','Examen Parcial','02','NO','C010','','0'),
('3°UNIDAD','---------','Revision Examen Parcial I','02','NO','C010','','0'),
('3°UNIDAD','---------','Entrega de Notas','01','NO','C010','','0'),
--
-- APRENDIZAJE AUTOMATICO -GRUPO A (PROF. LUIS PALMA)
('1°UNIDAD','Capitulo0','Presentacion de Silabo','02','NO','C011','','0'),
('1°UNIDAD','Capitulo0','Examen de entrada','02','NO','C011','','0'),
('1°UNIDAD','Capitulo0','Información complememtaria','01','NO','C011','','0'),--semana0
-- 1°parcial
('1°UNIDAD','Capitulo1','Tema1_1_Teoria','02','NO','C011','','0'),
('1°UNIDAD','Capitulo1','Tema1_1_Laboratorio','02','NO','C011','','0'),
('1°UNIDAD','Capitulo1','Tema1_2_Teoria_1','01','NO','C011','','0'),--semana1
('1°UNIDAD','Capitulo1','Tema1_2_Teoria_2','02','NO','C011','','0'),
('1°UNIDAD','Capitulo1','Tema1_2_Laboratorio','02','NO','C011','','0'),
('1°UNIDAD','Capitulo1','Repaso Capitulo1','01','NO','C011','','0'),--semana2
('1°UNIDAD','Capitulo2','Tema2_1_Teoria_2','02','NO','C011','','0'),
('1°UNIDAD','Capitulo2','Tema2_1_Laboratorio','02','NO','C011','','0'),
('1°UNIDAD','Capitulo2','Tema2_2_Teoria_1','01','NO','C011','','0'),--semana3
('1°UNIDAD','Capitulo2','Tema2_2_Teoria_2','02','NO','C011','','0'),
('1°UNIDAD','Capitulo2','Tema2_2_Laboratorio','02','NO','C011','','0'),
('1°UNIDAD','Capitulo2','Repaso Capitulo2','01','NO','C011','','0'),--semana4
('1°UNIDAD','---------','Examen Parcial','02','NO','C011','','0'),
('1°UNIDAD','---------','Revision Examen Parcial I','02','NO','C011','','0'),
('1°UNIDAD','---------','Entrega de Notas','01','NO','C011','','0'),--semana5
--2° parcial
('2°UNIDAD','Capitulo3','Tema3_1_Teoria','02','NO','C011','','0'),
('2°UNIDAD','Capitulo3','Tema3_1_Laboratorio','02','NO','C011','','0'),
('2°UNIDAD','Capitulo3','Tema3_2_Teoria_1','01','NO','C011','','0'),--semana6
('2°UNIDAD','Capitulo3','Tema3_2_Teoria_2','02','NO','C011','','0'),
('2°UNIDAD','Capitulo3','Tema3_2_Laboratorio','02','NO','C011','','0'),
('2°UNIDAD','Capitulo3','Repaso Capitulo3','01','NO','C011','','0'),--semana7
('2°UNIDAD','Capitulo4','Tema4_1_Teoria_2','02','NO','C011','','0'),
('2°UNIDAD','Capitulo4','Tema4_1_Laboratorio','02','NO','C011','','0'),
('2°UNIDAD','Capitulo4','Tema4_2_Teoria_1','01','NO','C011','','0'),--semana8
('2°UNIDAD','Capitulo4','Tema4_2_Teoria_2','02','NO','C011','','0'),
('2°UNIDAD','Capitulo4','Tema4_2_Laboratorio','02','NO','C011','','0'),
('2°UNIDAD','Capitulo4','Repaso','01','NO','C011','','0'),--semana9
('2°UNIDAD','---------','Examen Parcial','02','NO','C011','','0'),
('2°UNIDAD','---------','Revision Examen Parcial I','02','NO','C011','','0'),
('2°UNIDAD','---------','Entrega de Notas','01','NO','C011','','0'),--semana10
--3° parcial
('3°UNIDAD','Capitulo5','Tema5_1_Teoria','02','NO','C011','','0'),
('3°UNIDAD','Capitulo5','Tema5_1_Laboratorio','02','NO','C011','','0'),
('3°UNIDAD','Capitulo5','Tema5_2_Teoria_1','01','NO','C011','','0'),--semana11
('3°UNIDAD','Capitulo5','Tema5_2_Teoria_2','02','NO','C011','','0'),
('3°UNIDAD','Capitulo5','Tema5_2_Laboratorio','02','NO','C011','','0'),
('3°UNIDAD','Capitulo5','Repaso Capitulo5','01','NO','C011','','0'),--semana12
('3°UNIDAD','Capitulo6','Tema6_1_Teoria_2','02','NO','C011','','0'),
('3°UNIDAD','Capitulo6','Tema6_1_Laboratorio','02','NO','C011','','0'),
('3°UNIDAD','Capitulo6','Tema6_2_Teoria_1','01','NO','C011','','0'),--semana13
('3°UNIDAD','Capitulo6','Tema6_2_Teoria_2','02','NO','C011','','0'),
('3°UNIDAD','Capitulo6','Tema6_2_Laboratorio','02','NO','C011','','0'),
('3°UNIDAD','Capitulo6','Repaso Capitulo6','01','NO','C011','','0'),--semana14
('3°UNIDAD','---------','Examen Parcial','02','NO','C011','','0'),
('3°UNIDAD','---------','Revision Examen Parcial I','02','NO','C011','','0'),
('3°UNIDAD','---------','Entrega de Notas','01','NO','C011','','0'),
-- APRENDIZAJE AUTOMATICO - GRUPO B (PROF. LUIS PALMA)
('1°UNIDAD','Capitulo0','Presentacion de Silabo','02','NO','C012','','0'),
('1°UNIDAD','Capitulo0','Examen de entrada','02','NO','C012','','0'),
('1°UNIDAD','Capitulo0','Información complememtaria','01','NO','C012','','0'),--semana0
-- 1°parcial
('1°UNIDAD','Capitulo1','Tema1_1_Teoria','02','NO','C012','','0'),
('1°UNIDAD','Capitulo1','Tema1_1_Laboratorio','02','NO','C012','','0'),
('1°UNIDAD','Capitulo1','Tema1_2_Teoria_1','01','NO','C012','','0'),--semana1
('1°UNIDAD','Capitulo1','Tema1_2_Teoria_2','02','NO','C012','','0'),
('1°UNIDAD','Capitulo1','Tema1_2_Laboratorio','02','NO','C012','','0'),
('1°UNIDAD','Capitulo1','Repaso Capitulo1','01','NO','C012','','0'),--semana2
('1°UNIDAD','Capitulo2','Tema2_1_Teoria_2','02','NO','C012','','0'),
('1°UNIDAD','Capitulo2','Tema2_1_Laboratorio','02','NO','C012','','0'),
('1°UNIDAD','Capitulo2','Tema2_2_Teoria_1','01','NO','C012','','0'),--semana3
('1°UNIDAD','Capitulo2','Tema2_2_Teoria_2','02','NO','C012','','0'),
('1°UNIDAD','Capitulo2','Tema2_2_Laboratorio','02','NO','C012','','0'),
('1°UNIDAD','Capitulo2','Repaso Capitulo2','01','NO','C012','','0'),--semana4
('1°UNIDAD','---------','Examen Parcial','02','NO','C012','','0'),
('1°UNIDAD','---------','Revision Examen Parcial I','02','NO','C012','','0'),
('1°UNIDAD','---------','Entrega de Notas','01','NO','C012','','0'),--semana5
--2° parcial
('2°UNIDAD','Capitulo3','Tema3_1_Teoria','02','NO','C012','','0'),
('2°UNIDAD','Capitulo3','Tema3_1_Laboratorio','02','NO','C012','','0'),
('2°UNIDAD','Capitulo3','Tema3_2_Teoria_1','01','NO','C012','','0'),--semana6
('2°UNIDAD','Capitulo3','Tema3_2_Teoria_2','02','NO','C012','','0'),
('2°UNIDAD','Capitulo3','Tema3_2_Laboratorio','02','NO','C012','','0'),
('2°UNIDAD','Capitulo3','Repaso Capitulo3','01','NO','C012','','0'),--semana7
('2°UNIDAD','Capitulo4','Tema4_1_Teoria_2','02','NO','C012','','0'),
('2°UNIDAD','Capitulo4','Tema4_1_Laboratorio','02','NO','C012','','0'),
('2°UNIDAD','Capitulo4','Tema4_2_Teoria_1','01','NO','C012','','0'),--semana8
('2°UNIDAD','Capitulo4','Tema4_2_Teoria_2','02','NO','C012','','0'),
('2°UNIDAD','Capitulo4','Tema4_2_Laboratorio','02','NO','C012','','0'),
('2°UNIDAD','Capitulo4','Repaso','01','NO','C012','','0'),--semana9
('2°UNIDAD','---------','Examen Parcial','02','NO','C012','','0'),
('2°UNIDAD','---------','Revision Examen Parcial I','02','NO','C012','','0'),
('2°UNIDAD','---------','Entrega de Notas','01','NO','C012','','0'),--semana10
--3° parcial
('3°UNIDAD','Capitulo5','Tema5_1_Teoria','02','NO','C012','','0'),
('3°UNIDAD','Capitulo5','Tema5_1_Laboratorio','02','NO','C012','','0'),
('3°UNIDAD','Capitulo5','Tema5_2_Teoria_1','01','NO','C012','','0'),--semana11
('3°UNIDAD','Capitulo5','Tema5_2_Teoria_2','02','NO','C012','','0'),
('3°UNIDAD','Capitulo5','Tema5_2_Laboratorio','02','NO','C012','','0'),
('3°UNIDAD','Capitulo5','Repaso Capitulo5','01','NO','C012','','0'),--semana12
('3°UNIDAD','Capitulo6','Tema6_1_Teoria_2','02','NO','C012','','0'),
('3°UNIDAD','Capitulo6','Tema6_1_Laboratorio','02','NO','C012','','0'),
('3°UNIDAD','Capitulo6','Tema6_2_Teoria_1','01','NO','C012','','0'),--semana13
('3°UNIDAD','Capitulo6','Tema6_2_Teoria_2','02','NO','C012','','0'),
('3°UNIDAD','Capitulo6','Tema6_2_Laboratorio','02','NO','C012','','0'),
('3°UNIDAD','Capitulo6','Repaso Capitulo6','01','NO','C012','','0'),--semana14
('3°UNIDAD','---------','Examen Parcial','02','NO','C012','','0'),
('3°UNIDAD','---------','Revision Examen Parcial I','02','NO','C012','','0'),
('3°UNIDAD','---------','Entrega de Notas','01','NO','C012','','0'),
-- PLANEAMIENTO Y DIRECCION ESTRATEGICA DE TI - GRUPO A (PROF. EMILIO Y AURELIO)
('1°UNIDAD','Capitulo0','Presentacion de Silabo','02','NO','C013','','0'),
('1°UNIDAD','Capitulo0','Examen de entrada','02','NO','C013','','0'),
('1°UNIDAD','Capitulo0','Información complememtaria','01','NO','C013','','0'),--semana0
-- 1°parcial
('1°UNIDAD','Capitulo1','Tema1_1_Teoria','02','NO','C013','','0'),
('1°UNIDAD','Capitulo1','Tema1_1_Laboratorio','02','NO','C013','','0'),
('1°UNIDAD','Capitulo1','Tema1_2_Teoria_1','01','NO','C013','','0'),--semana1
('1°UNIDAD','Capitulo1','Tema1_2_Teoria_2','02','NO','C013','','0'),
('1°UNIDAD','Capitulo1','Tema1_2_Laboratorio','02','NO','C013','','0'),
('1°UNIDAD','Capitulo1','Repaso Capitulo1','01','NO','C013','','0'),--semana2
('1°UNIDAD','Capitulo2','Tema2_1_Teoria_2','02','NO','C013','','0'),
('1°UNIDAD','Capitulo2','Tema2_1_Laboratorio','02','NO','C013','','0'),
('1°UNIDAD','Capitulo2','Tema2_2_Teoria_1','01','NO','C013','','0'),--semana3
('1°UNIDAD','Capitulo2','Tema2_2_Teoria_2','02','NO','C013','','0'),
('1°UNIDAD','Capitulo2','Tema2_2_Laboratorio','02','NO','C013','','0'),
('1°UNIDAD','Capitulo2','Repaso Capitulo2','01','NO','C013','','0'),--semana4
('1°UNIDAD','---------','Examen Parcial','02','NO','C013','','0'),
('1°UNIDAD','---------','Revision Examen Parcial I','02','NO','C013','','0'),
('1°UNIDAD','---------','Entrega de Notas','01','NO','C013','','0'),--semana5
--2° parcial
('2°UNIDAD','Capitulo3','Tema3_1_Teoria','02','NO','C013','','0'),
('2°UNIDAD','Capitulo3','Tema3_1_Laboratorio','02','NO','C013','','0'),
('2°UNIDAD','Capitulo3','Tema3_2_Teoria_1','01','NO','C013','','0'),--semana6
('2°UNIDAD','Capitulo3','Tema3_2_Teoria_2','02','NO','C013','','0'),
('2°UNIDAD','Capitulo3','Tema3_2_Laboratorio','02','NO','C013','','0'),
('2°UNIDAD','Capitulo3','Repaso Capitulo3','01','NO','C013','','0'),--semana7
('2°UNIDAD','Capitulo4','Tema4_1_Teoria_2','02','NO','C013','','0'),
('2°UNIDAD','Capitulo4','Tema4_1_Laboratorio','02','NO','C013','','0'),
('2°UNIDAD','Capitulo4','Tema4_2_Teoria_1','01','NO','C013','','0'),--semana8
('2°UNIDAD','Capitulo4','Tema4_2_Teoria_2','02','NO','C013','','0'),
('2°UNIDAD','Capitulo4','Tema4_2_Laboratorio','02','NO','C013','','0'),
('2°UNIDAD','Capitulo4','Repaso','01','NO','C013','','0'),--semana9
('2°UNIDAD','---------','Examen Parcial','02','NO','C013','','0'),
('2°UNIDAD','---------','Revision Examen Parcial I','02','NO','C013','','0'),
('2°UNIDAD','---------','Entrega de Notas','01','NO','C013','','0'),--semana10
--3° parcial
('3°UNIDAD','Capitulo5','Tema5_1_Teoria','02','NO','C013','','0'),
('3°UNIDAD','Capitulo5','Tema5_1_Laboratorio','02','NO','C013','','0'),
('3°UNIDAD','Capitulo5','Tema5_2_Teoria_1','01','NO','C013','','0'),--semana11
('3°UNIDAD','Capitulo5','Tema5_2_Teoria_2','02','NO','C013','','0'),
('3°UNIDAD','Capitulo5','Tema5_2_Laboratorio','02','NO','C013','','0'),
('3°UNIDAD','Capitulo5','Repaso Capitulo5','01','NO','C013','','0'),--semana12
('3°UNIDAD','Capitulo6','Tema6_1_Teoria_2','02','NO','C013','','0'),
('3°UNIDAD','Capitulo6','Tema6_1_Laboratorio','02','NO','C013','','0'),
('3°UNIDAD','Capitulo6','Tema6_2_Teoria_1','01','NO','C013','','0'),--semana13
('3°UNIDAD','Capitulo6','Tema6_2_Teoria_2','02','NO','C013','','0'),
('3°UNIDAD','Capitulo6','Tema6_2_Laboratorio','02','NO','C013','','0'),
('3°UNIDAD','Capitulo6','Repaso Capitulo6','01','NO','C013','','0'),--semana14
('3°UNIDAD','---------','Examen Parcial','02','NO','C013','','0'),
('3°UNIDAD','---------','Revision Examen Parcial I','02','NO','C013','','0'),
('3°UNIDAD','---------','Entrega de Notas','01','NO','C001','','0'),
-- PLANEAMIENTO Y DIRECCION ESTRATEGICA DE TI - GRUPO B (PROF. AURELIO)
('1°UNIDAD','Capitulo0','Presentacion de Silabo','02','NO','C014','','0'),
('1°UNIDAD','Capitulo0','Examen de entrada','02','NO','C014','','0'),
('1°UNIDAD','Capitulo0','Información complememtaria','01','NO','C014','','0'),--semana0
-- 1°parcial
('1°UNIDAD','Capitulo1','Tema1_1_Teoria','02','NO','C014','','0'),
('1°UNIDAD','Capitulo1','Tema1_1_Laboratorio','02','NO','C014','','0'),
('1°UNIDAD','Capitulo1','Tema1_2_Teoria_1','01','NO','C014','','0'),--semana1
('1°UNIDAD','Capitulo1','Tema1_2_Teoria_2','02','NO','C014','','0'),
('1°UNIDAD','Capitulo1','Tema1_2_Laboratorio','02','NO','C014','','0'),
('1°UNIDAD','Capitulo1','Repaso Capitulo1','01','NO','C014','','0'),--semana2
('1°UNIDAD','Capitulo2','Tema2_1_Teoria_2','02','NO','C014','','0'),
('1°UNIDAD','Capitulo2','Tema2_1_Laboratorio','02','NO','C014','','0'),
('1°UNIDAD','Capitulo2','Tema2_2_Teoria_1','01','NO','C014','','0'),--semana3
('1°UNIDAD','Capitulo2','Tema2_2_Teoria_2','02','NO','C014','','0'),
('1°UNIDAD','Capitulo2','Tema2_2_Laboratorio','02','NO','C014','','0'),
('1°UNIDAD','Capitulo2','Repaso Capitulo2','01','NO','C014','','0'),--semana4
('1°UNIDAD','---------','Examen Parcial','02','NO','C014','','0'),
('1°UNIDAD','---------','Revision Examen Parcial I','02','NO','C014','','0'),
('1°UNIDAD','---------','Entrega de Notas','01','NO','C014','','0'),--semana5
--2° parcial
('2°UNIDAD','Capitulo3','Tema3_1_Teoria','02','NO','C014','','0'),
('2°UNIDAD','Capitulo3','Tema3_1_Laboratorio','02','NO','C014','','0'),
('2°UNIDAD','Capitulo3','Tema3_2_Teoria_1','01','NO','C014','','0'),--semana6
('2°UNIDAD','Capitulo3','Tema3_2_Teoria_2','02','NO','C014','','0'),
('2°UNIDAD','Capitulo3','Tema3_2_Laboratorio','02','NO','C014','','0'),
('2°UNIDAD','Capitulo3','Repaso Capitulo3','01','NO','C014','','0'),--semana7
('2°UNIDAD','Capitulo4','Tema4_1_Teoria_2','02','NO','C014','','0'),
('2°UNIDAD','Capitulo4','Tema4_1_Laboratorio','02','NO','C014','','0'),
('2°UNIDAD','Capitulo4','Tema4_2_Teoria_1','01','NO','C014','','0'),--semana8
('2°UNIDAD','Capitulo4','Tema4_2_Teoria_2','02','NO','C014','','0'),
('2°UNIDAD','Capitulo4','Tema4_2_Laboratorio','02','NO','C014','','0'),
('2°UNIDAD','Capitulo4','Repaso','01','NO','C014','','0'),--semana9
('2°UNIDAD','---------','Examen Parcial','02','NO','C014','','0'),
('2°UNIDAD','---------','Revision Examen Parcial I','02','NO','C014','','0'),
('2°UNIDAD','---------','Entrega de Notas','01','NO','C014','','0'),--semana10
--3° parcial
('3°UNIDAD','Capitulo5','Tema5_1_Teoria','02','NO','C014','','0'),
('3°UNIDAD','Capitulo5','Tema5_1_Laboratorio','02','NO','C014','','0'),
('3°UNIDAD','Capitulo5','Tema5_2_Teoria_1','01','NO','C014','','0'),--semana11
('3°UNIDAD','Capitulo5','Tema5_2_Teoria_2','02','NO','C014','','0'),
('3°UNIDAD','Capitulo5','Tema5_2_Laboratorio','02','NO','C014','','0'),
('3°UNIDAD','Capitulo5','Repaso Capitulo5','01','NO','C014','','0'),--semana12
('3°UNIDAD','Capitulo6','Tema6_1_Teoria_2','02','NO','C014','','0'),
('3°UNIDAD','Capitulo6','Tema6_1_Laboratorio','02','NO','C014','','0'),
('3°UNIDAD','Capitulo6','Tema6_2_Teoria_1','01','NO','C014','','0'),--semana13
('3°UNIDAD','Capitulo6','Tema6_2_Teoria_2','02','NO','C014','','0'),
('3°UNIDAD','Capitulo6','Tema6_2_Laboratorio','02','NO','C014','','0'),
('3°UNIDAD','Capitulo6','Repaso Capitulo6','01','NO','C014','','0'),--semana14
('3°UNIDAD','---------','Examen Parcial','02','NO','C014','','0'),
('3°UNIDAD','---------','Revision Examen Parcial I','02','NO','C014','','0'),
('3°UNIDAD','---------','Entrega de Notas','01','NO','C014','','0'),
-- PROCESAMIENTO DEL LENGUAJE - GRUPO A (PROF. URPY Y FERNANDO MONTOYA)
('1°UNIDAD','Capitulo0','Presentacion de Silabo','02','NO','C015','','0'),
('1°UNIDAD','Capitulo0','Examen de entrada','02','NO','C015','','0'),
('1°UNIDAD','Capitulo0','Información complememtaria','01','NO','C015','','0'),--semana0
-- 1°parcial
('1°UNIDAD','Capitulo1','Tema1_1_Teoria','02','NO','C015','','0'),
('1°UNIDAD','Capitulo1','Tema1_1_Laboratorio','02','NO','C015','','0'),
('1°UNIDAD','Capitulo1','Tema1_2_Teoria_1','01','NO','C015','','0'),--semana1
('1°UNIDAD','Capitulo1','Tema1_2_Teoria_2','02','NO','C015','','0'),
('1°UNIDAD','Capitulo1','Tema1_2_Laboratorio','02','NO','C015','','0'),
('1°UNIDAD','Capitulo1','Repaso Capitulo1','01','NO','C015','','0'),--semana2
('1°UNIDAD','Capitulo2','Tema2_1_Teoria_2','02','NO','C015','','0'),
('1°UNIDAD','Capitulo2','Tema2_1_Laboratorio','02','NO','C015','','0'),
('1°UNIDAD','Capitulo2','Tema2_2_Teoria_1','01','NO','C015','','0'),--semana3
('1°UNIDAD','Capitulo2','Tema2_2_Teoria_2','02','NO','C015','','0'),
('1°UNIDAD','Capitulo2','Tema2_2_Laboratorio','02','NO','C015','','0'),
('1°UNIDAD','Capitulo2','Repaso Capitulo2','01','NO','C015','','0'),--semana4
('1°UNIDAD','---------','Examen Parcial','02','NO','C015','','0'),
('1°UNIDAD','---------','Revision Examen Parcial I','02','NO','C015','','0'),
('1°UNIDAD','---------','Entrega de Notas','01','NO','C015','','0'),--semana5
--2° parcial
('2°UNIDAD','Capitulo3','Tema3_1_Teoria','02','NO','C015','','0'),
('2°UNIDAD','Capitulo3','Tema3_1_Laboratorio','02','NO','C015','','0'),
('2°UNIDAD','Capitulo3','Tema3_2_Teoria_1','01','NO','C015','','0'),--semana6
('2°UNIDAD','Capitulo3','Tema3_2_Teoria_2','02','NO','C015','','0'),
('2°UNIDAD','Capitulo3','Tema3_2_Laboratorio','02','NO','C015','','0'),
('2°UNIDAD','Capitulo3','Repaso Capitulo3','01','NO','C015','','0'),--semana7
('2°UNIDAD','Capitulo4','Tema4_1_Teoria_2','02','NO','C015','','0'),
('2°UNIDAD','Capitulo4','Tema4_1_Laboratorio','02','NO','C015','','0'),
('2°UNIDAD','Capitulo4','Tema4_2_Teoria_1','01','NO','C015','','0'),--semana8
('2°UNIDAD','Capitulo4','Tema4_2_Teoria_2','02','NO','C015','','0'),
('2°UNIDAD','Capitulo4','Tema4_2_Laboratorio','02','NO','C015','','0'),
('2°UNIDAD','Capitulo4','Repaso','01','NO','C015','','0'),--semana9
('2°UNIDAD','---------','Examen Parcial','02','NO','C015','','0'),
('2°UNIDAD','---------','Revision Examen Parcial I','02','NO','C015','','0'),
('2°UNIDAD','---------','Entrega de Notas','01','NO','C015','','0'),--semana10
--3° parcial
('3°UNIDAD','Capitulo5','Tema5_1_Teoria','02','NO','C015','','0'),
('3°UNIDAD','Capitulo5','Tema5_1_Laboratorio','02','NO','C015','','0'),
('3°UNIDAD','Capitulo5','Tema5_2_Teoria_1','01','NO','C015','','0'),--semana11
('3°UNIDAD','Capitulo5','Tema5_2_Teoria_2','02','NO','C015','','0'),
('3°UNIDAD','Capitulo5','Tema5_2_Laboratorio','02','NO','C015','','0'),
('3°UNIDAD','Capitulo5','Repaso Capitulo5','01','NO','C015','','0'),--semana12
('3°UNIDAD','Capitulo6','Tema6_1_Teoria_2','02','NO','C015','','0'),
('3°UNIDAD','Capitulo6','Tema6_1_Laboratorio','02','NO','C015','','0'),
('3°UNIDAD','Capitulo6','Tema6_2_Teoria_1','01','NO','C015','','0'),--semana13
('3°UNIDAD','Capitulo6','Tema6_2_Teoria_2','02','NO','C015','','0'),
('3°UNIDAD','Capitulo6','Tema6_2_Laboratorio','02','NO','C015','','0'),
('3°UNIDAD','Capitulo6','Repaso Capitulo6','01','NO','C015','','0'),--semana14
('3°UNIDAD','---------','Examen Parcial','02','NO','C015','','0'),
('3°UNIDAD','---------','Revision Examen Parcial I','02','NO','C015','','0'),
('3°UNIDAD','---------','Entrega de Notas','01','NO','C015','','0');
GO

----Silabos insertar-
--exec SP_GuardarSilabo 'C:\Users\LUCERO\Downloads\Silabos\FUNDAMENTOS DE LA PROGRAMACION.pdf','C006'
--exec SP_GuardarSilabo 'C:\Users\LUCERO\Downloads\Silabos\Métodos Numéricos2.pdf','C010'

--insertar datos LISTA DE ALUMNOS - Docente Doris
--exec SP_GuardarArchivo 'FUNDAMENTOS DE PROGRAMACION','E:\Projects - University\Ingeniería de Software\AppGestion\ListaAlumnosCursos\Lista1.xls','E:\Projects - University\Ingeniería de Software\AppGestion\ListaAlumnosCursos\Lista1.xls','C006'
--exec SP_GuardarArchivo 'METODOS NUMERICOS','E:\Projects - University\Ingeniería de Software\AppGestion\ListaAlumnosCursos\Lista2.xls','E:\Projects - University\Ingeniería de Software\AppGestion\ListaAlumnosCursos\Lista2.xls','C010'
--exec SP_GuardarArchivo 'FUNDAMENTOS DE PROGRAMACION','D:\Semestre 2021-2\Ingenieria del Software I\AppGestion\ListaAlumnosCursos\Lista1.xls','C006'
--go
--exec SP_GuardarArchivo 'METODOS NUMERICOS','D:\Semestre 2021-2\Ingenieria del Software I\AppGestion\ListaAlumnosCursos\Lista2.xls','C010'
--GO
--exec SP_ListarArchivo 'C006'
--exec SP_LISTARCURSOSXDOCENTE 'D0004'

--delete from TAsistencia_Alumnos
--insert into TAsistencia_Alumnos(Fecha,IdCatalogo,CodAlumno,Nombres,Asistio,Observacion) values
--('03/01/2022','C006','182898','CERATI CERILLO FIORELA','P',' '),
--('05/01/2022','C006','182898','CERATI CERILLO FIORELA','F',' '),
--('07/01/2022','C006','182898','CERATI CERILLO FIORELA','F',' '),
--('10/01/2022','C006','182898','CERATI CERILLO FIORELA','P',' '),
--('03/01/2022','C006','125156','CONDORI FLORES WILLIAMS DENNIS','P',' '),
--('05/01/2022','C006','125156','CONDORI FLORES WILLIAMS DENNIS','P',' '),
--('07/01/2022','C006','125156','CONDORI FLORES WILLIAMS DENNIS','P',' '),
--('10/01/2022','C006','125156','CONDORI FLORES WILLIAMS DENNIS','F',' '),
--('03/01/2022','C006','163839','CORAZAO HINOJOSA REISON DARIO','P',' '),
--('05/01/2022','C006','163839','CORAZAO HINOJOSA REISON DARIO','P',' '),
--('07/01/2022','C006','163839','CORAZAO HINOJOSA REISON DARIO','P',' '),
--('10/01/2022','C006','163839','CORAZAO HINOJOSA REISON DARIO','F',' '),
--('03/01/2022','C006','170430','COVARRUBIAS AGUILAR GEREMY ANDRE','P',' '),
--('05/01/2022','C006','170430','COVARRUBIAS AGUILAR GEREMY ANDRE','P',' '),
--('07/01/2022','C006','170430','COVARRUBIAS AGUILAR GEREMY ANDRE','F',' ')
--go
